{"$type":"OverhaulMod.Content.Personalization.PersonalizationItemInfo, OverhaulMod","Name":"CDHD Captain Sword","Description":"No description provided.","IsSentForVerification":false,"IsVerified":true,"ReuploadedTheItem":false,"ItemID":"a9c026ad-5531-4847-90b6-6f746adc6b0e","EditorID":"76561198837816609","Authors":{"$type":"System.Collections.Generic.List`1[[System.String, mscorlib]], mscorlib","$values":["vanilla-hd"]},"ExclusiveFor_V2":{"$type":"System.Collections.Generic.List`1[[OverhaulMod.Content.Personalization.PersonalizationItemLockInfo, OverhaulMod]], mscorlib","$values":[]},"Category":1,"Weapon":1,"HideBowStrings":false,"BowStringsWidth":1.0,"OverrideParent":null,"BodyPartName":"Head","Version":0,"RootObject":{"$type":"OverhaulMod.Content.Personalization.PersonalizationEditorObjectInfo, OverhaulMod","PositionArray":{"$type":"System.Single[], mscorlib","$values":[0.0,0.0,0.0]},"EulerAnglesArray":{"$type":"System.Single[], mscorlib","$values":[0.0,0.0,0.0]},"ScaleArray":{"$type":"System.Single[], mscorlib","$values":[1.0,1.0,1.0]},"Name":"Root","Path":"Empty","IsRoot":true,"Children":{"$type":"System.Collections.Generic.List`1[[OverhaulMod.Content.Personalization.PersonalizationEditorObjectInfo, OverhaulMod]], mscorlib","$values":[{"$type":"OverhaulMod.Content.Personalization.PersonalizationEditorObjectInfo, OverhaulMod","PositionArray":{"$type":"System.Single[], mscorlib","$values":[0.0,0.0,1.1]},"EulerAnglesArray":{"$type":"System.Single[], mscorlib","$values":[0.0,180.0,0.0]},"ScaleArray":{"$type":"System.Single[], mscorlib","$values":[0.25,0.25,0.2]},"Name":"Model Renderer (.vox)","Path":"Volume","IsRoot":false,"Children":{"$type":"System.Collections.Generic.List`1[[OverhaulMod.Content.Personalization.PersonalizationEditorObjectInfo, OverhaulMod]], mscorlib","$values":[]},"PropertyValues":{"$type":"System.Collections.Generic.Dictionary`2[[System.String, mscorlib],[System.Object, mscorlib]], mscorlib","volumeSettingPresets":{"$type":"System.Collections.Generic.Dictionary`2[[OverhaulMod.Engine.WeaponVariant2, OverhaulMod],[OverhaulMod.Content.Personalization.VolumeSettingsPreset, OverhaulMod]], mscorlib","Normal":{"$type":"OverhaulMod.Content.Personalization.VolumeSettingsPreset, OverhaulMod","VoxFilePath":"a9c026ad\\files\\CaptainSword1.vox","VoxelSize":0.087,"CenterPivot":true,"ColorReplacements":"FCFCFCFF-FCFCFCBF|CCECFCFF-CCECFCBF|FCB418FF-FCB418FF|FCE4A0FF-FCE4A0FF|887000FF-887000FF|4C3404FF-4C3404FF","ReplaceWithFavoriteColors":{"$type":"System.Collections.Generic.Dictionary`2[[System.String, mscorlib],[OverhaulMod.Content.Personalization.FavoriteColorSettings, OverhaulMod]], mscorlib"}},"OnFire":{"$type":"OverhaulMod.Content.Personalization.VolumeSettingsPreset, OverhaulMod","VoxFilePath":"a9c026ad\\files\\CaptainSword1.vox","VoxelSize":0.087,"CenterPivot":true,"ColorReplacements":"FCFCFCFF-FCB800BF|CCECFCFF-CC8000C0|FCB418FF-FCB418FF|FCE4A0FF-FCE4A0FF|887000FF-887000FF|4C3404FF-4C3404FF","ReplaceWithFavoriteColors":{"$type":"System.Collections.Generic.Dictionary`2[[System.String, mscorlib],[OverhaulMod.Content.Personalization.FavoriteColorSettings, OverhaulMod]], mscorlib"}},"NormalMultiplayer":{"$type":"OverhaulMod.Content.Personalization.VolumeSettingsPreset, OverhaulMod","VoxFilePath":"a9c026ad\\files\\CaptainSword1.vox","VoxelSize":0.098,"CenterPivot":true,"ColorReplacements":"FCFCFCFF-FCFCFCBF|CCECFCFF-CCECFCBF|FCB418FF-FCB418FF|FCE4A0FF-FCE4A0FF|887000FF-887000FF|4C3404FF-4C3404FF","ReplaceWithFavoriteColors":{"$type":"System.Collections.Generic.Dictionary`2[[System.String, mscorlib],[OverhaulMod.Content.Personalization.FavoriteColorSettings, OverhaulMod]], mscorlib"}},"OnFireMultiplayer":{"$type":"OverhaulMod.Content.Personalization.VolumeSettingsPreset, OverhaulMod","VoxFilePath":"a9c026ad\\files\\CaptainSword1.vox","VoxelSize":0.098,"CenterPivot":true,"ColorReplacements":"FCFCFCFF-FCB800BF|CCECFCFF-CC8000C0|FCB418FF-FCB418FF|FCE4A0FF-FCE4A0FF|887000FF-887000FF|4C3404FF-4C3404FF","ReplaceWithFavoriteColors":{"$type":"System.Collections.Generic.Dictionary`2[[System.String, mscorlib],[OverhaulMod.Content.Personalization.FavoriteColorSettings, OverhaulMod]], mscorlib"}}},"hideIfNoPreset":true},"UniqueIndex":1,"NextUniqueIndex":0},{"$type":"OverhaulMod.Content.Personalization.PersonalizationEditorObjectInfo, OverhaulMod","PositionArray":{"$type":"System.Single[], mscorlib","$values":[0.0,0.0,0.5]},"EulerAnglesArray":{"$type":"System.Single[], mscorlib","$values":[0.0,0.0,0.0]},"ScaleArray":{"$type":"System.Single[], mscorlib","$values":[0.01,0.01,0.01]},"Name":"Fire particles (Hammer)","Path":"FireParticles_Hammer","IsRoot":false,"Children":{"$type":"System.Collections.Generic.List`1[[OverhaulMod.Content.Personalization.PersonalizationEditorObjectInfo, OverhaulMod]], mscorlib","$values":[]},"PropertyValues":{"$type":"System.Collections.Generic.Dictionary`2[[System.String, mscorlib],[System.Object, mscorlib]], mscorlib","enableIfWeaponVariant":2},"UniqueIndex":5,"NextUniqueIndex":0},{"$type":"OverhaulMod.Content.Personalization.PersonalizationEditorObjectInfo, OverhaulMod","PositionArray":{"$type":"System.Single[], mscorlib","$values":[0.0,0.0,1.5]},"EulerAnglesArray":{"$type":"System.Single[], mscorlib","$values":[0.0,0.0,0.0]},"ScaleArray":{"$type":"System.Single[], mscorlib","$values":[0.01,0.01,0.01]},"Name":"Fire particles (Hammer)","Path":"FireParticles_Hammer","IsRoot":false,"Children":{"$type":"System.Collections.Generic.List`1[[OverhaulMod.Content.Personalization.PersonalizationEditorObjectInfo, OverhaulMod]], mscorlib","$values":[]},"PropertyValues":{"$type":"System.Collections.Generic.Dictionary`2[[System.String, mscorlib],[System.Object, mscorlib]], mscorlib","enableIfWeaponVariant":2},"UniqueIndex":6,"NextUniqueIndex":0},{"$type":"OverhaulMod.Content.Personalization.PersonalizationEditorObjectInfo, OverhaulMod","PositionArray":{"$type":"System.Single[], mscorlib","$values":[0.0,0.0,2.5]},"EulerAnglesArray":{"$type":"System.Single[], mscorlib","$values":[0.0,0.0,0.0]},"ScaleArray":{"$type":"System.Single[], mscorlib","$values":[0.01,0.01,0.01]},"Name":"Fire particles (Hammer)","Path":"FireParticles_Hammer","IsRoot":false,"Children":{"$type":"System.Collections.Generic.List`1[[OverhaulMod.Content.Personalization.PersonalizationEditorObjectInfo, OverhaulMod]], mscorlib","$values":[]},"PropertyValues":{"$type":"System.Collections.Generic.Dictionary`2[[System.String, mscorlib],[System.Object, mscorlib]], mscorlib","enableIfWeaponVariant":2},"UniqueIndex":7,"NextUniqueIndex":0},{"$type":"OverhaulMod.Content.Personalization.PersonalizationEditorObjectInfo, OverhaulMod","PositionArray":{"$type":"System.Single[], mscorlib","$values":[0.0,0.0,0.5]},"EulerAnglesArray":{"$type":"System.Single[], mscorlib","$values":[0.0,0.0,0.0]},"ScaleArray":{"$type":"System.Single[], mscorlib","$values":[0.01,0.01,0.01]},"Name":"Fire particles (Hammer)","Path":"FireParticles_Hammer","IsRoot":false,"Children":{"$type":"System.Collections.Generic.List`1[[OverhaulMod.Content.Personalization.PersonalizationEditorObjectInfo, OverhaulMod]], mscorlib","$values":[]},"PropertyValues":{"$type":"System.Collections.Generic.Dictionary`2[[System.String, mscorlib],[System.Object, mscorlib]], mscorlib","enableIfWeaponVariant":4},"UniqueIndex":8,"NextUniqueIndex":0},{"$type":"OverhaulMod.Content.Personalization.PersonalizationEditorObjectInfo, OverhaulMod","PositionArray":{"$type":"System.Single[], mscorlib","$values":[0.0,0.0,1.5]},"EulerAnglesArray":{"$type":"System.Single[], mscorlib","$values":[0.0,0.0,0.0]},"ScaleArray":{"$type":"System.Single[], mscorlib","$values":[0.01,0.01,0.01]},"Name":"Fire particles (Hammer)","Path":"FireParticles_Hammer","IsRoot":false,"Children":{"$type":"System.Collections.Generic.List`1[[OverhaulMod.Content.Personalization.PersonalizationEditorObjectInfo, OverhaulMod]], mscorlib","$values":[]},"PropertyValues":{"$type":"System.Collections.Generic.Dictionary`2[[System.String, mscorlib],[System.Object, mscorlib]], mscorlib","enableIfWeaponVariant":4},"UniqueIndex":9,"NextUniqueIndex":0},{"$type":"OverhaulMod.Content.Personalization.PersonalizationEditorObjectInfo, OverhaulMod","PositionArray":{"$type":"System.Single[], mscorlib","$values":[0.0,0.0,2.5]},"EulerAnglesArray":{"$type":"System.Single[], mscorlib","$values":[0.0,0.0,0.0]},"ScaleArray":{"$type":"System.Single[], mscorlib","$values":[0.01,0.01,0.01]},"Name":"Fire particles (Hammer)","Path":"FireParticles_Hammer","IsRoot":false,"Children":{"$type":"System.Collections.Generic.List`1[[OverhaulMod.Content.Personalization.PersonalizationEditorObjectInfo, OverhaulMod]], mscorlib","$values":[]},"PropertyValues":{"$type":"System.Collections.Generic.Dictionary`2[[System.String, mscorlib],[System.Object, mscorlib]], mscorlib","enableIfWeaponVariant":4},"UniqueIndex":10,"NextUniqueIndex":0}]},"PropertyValues":{"$type":"System.Collections.Generic.Dictionary`2[[System.String, mscorlib],[System.Object, mscorlib]], mscorlib"},"UniqueIndex":0,"NextUniqueIndex":10},"Offsets":{"$type":"OverhaulMod.Content.Personalization.PersonalizationItemOffsetList, OverhaulMod"}}