{"$type":"OverhaulMod.Content.Personalization.PersonalizationItemInfo, OverhaulMod","Name":"Kenpachi Zaraki katana","Description":"No description provided.","IsSentForVerification":false,"IsVerified":true,"ReuploadedTheItem":false,"ItemID":"3a134191-1763-4208-925b-a490575c8e30","EditorID":"76561198102890098","Authors":{"$type":"System.Collections.Generic.List`1[[System.String, mscorlib]], mscorlib","$values":["Мяу"]},"ExclusiveFor_V2":{"$type":"System.Collections.Generic.List`1[[OverhaulMod.Content.Personalization.PersonalizationItemLockInfo, OverhaulMod]], mscorlib","$values":[]},"Category":1,"Weapon":1,"HideBowStrings":false,"BowStringsWidth":1.0,"OverrideParent":null,"BodyPartName":"Head","Version":0,"RootObject":{"$type":"OverhaulMod.Content.Personalization.PersonalizationEditorObjectInfo, OverhaulMod","PositionArray":{"$type":"System.Single[], mscorlib","$values":[0.0,0.0,0.0]},"EulerAnglesArray":{"$type":"System.Single[], mscorlib","$values":[0.0,0.0,0.0]},"ScaleArray":{"$type":"System.Single[], mscorlib","$values":[1.0,1.0,1.0]},"Name":"Root","Path":"Empty","IsRoot":true,"Children":{"$type":"System.Collections.Generic.List`1[[OverhaulMod.Content.Personalization.PersonalizationEditorObjectInfo, OverhaulMod]], mscorlib","$values":[{"$type":"OverhaulMod.Content.Personalization.PersonalizationEditorObjectInfo, OverhaulMod","PositionArray":{"$type":"System.Single[], mscorlib","$values":[0.0,0.0,1.23]},"EulerAnglesArray":{"$type":"System.Single[], mscorlib","$values":[0.0,12.0,270.0]},"ScaleArray":{"$type":"System.Single[], mscorlib","$values":[0.17,0.15,0.15]},"Name":"Model Renderer (.vox)","Path":"Volume","IsRoot":false,"Children":{"$type":"System.Collections.Generic.List`1[[OverhaulMod.Content.Personalization.PersonalizationEditorObjectInfo, OverhaulMod]], mscorlib","$values":[]},"PropertyValues":{"$type":"System.Collections.Generic.Dictionary`2[[System.String, mscorlib],[System.Object, mscorlib]], mscorlib","volumeSettingPresets":{"$type":"System.Collections.Generic.Dictionary`2[[OverhaulMod.Engine.WeaponVariant, OverhaulMod],[OverhaulMod.Content.Personalization.VolumeSettingsPreset, OverhaulMod]], mscorlib","OnFire":{"$type":"OverhaulMod.Content.Personalization.VolumeSettingsPreset, OverhaulMod","VoxFilePath":"3a134191_KenpachiZarakikatana\\files\\KENPACHI ZARAKI.vox","VoxelSize":0.1,"CenterPivot":true,"ColorReplacements":"C69B00FF-C69B00FF|A0A0A0FF-FFFFB3D4|D6D6D6FF-D6D6D6FF|909090FF-909090FF","ReplaceWithFavoriteColors":{"$type":"System.Collections.Generic.Dictionary`2[[System.String, mscorlib],[OverhaulMod.Content.Personalization.FavoriteColorSettings, OverhaulMod]], mscorlib"}},"Normal":{"$type":"OverhaulMod.Content.Personalization.VolumeSettingsPreset, OverhaulMod","VoxFilePath":"3a134191_KenpachiZarakikatana\\files\\KENPACHI ZARAKI.vox","VoxelSize":0.1,"CenterPivot":true,"ColorReplacements":"C69B00FF-C69B00FF|A0A0A0FF-A0A0A0FF|D6D6D6FF-D6D6D6FF|909090FF-909090FF","ReplaceWithFavoriteColors":{"$type":"System.Collections.Generic.Dictionary`2[[System.String, mscorlib],[OverhaulMod.Content.Personalization.FavoriteColorSettings, OverhaulMod]], mscorlib"}},"NormalMultiplayer":{"$type":"OverhaulMod.Content.Personalization.VolumeSettingsPreset, OverhaulMod","VoxFilePath":"3a134191_KenpachiZarakikatana\\files\\KENPACHI ZARAKI.vox","VoxelSize":0.1,"CenterPivot":true,"ColorReplacements":"C69B00FF-C69B00FF|A0A0A0FF-A0A0A0FF|D6D6D6FF-D6D6D6FF|909090FF-909090FF","ReplaceWithFavoriteColors":{"$type":"System.Collections.Generic.Dictionary`2[[System.String, mscorlib],[OverhaulMod.Content.Personalization.FavoriteColorSettings, OverhaulMod]], mscorlib"}},"OnFireMultiplayer":{"$type":"OverhaulMod.Content.Personalization.VolumeSettingsPreset, OverhaulMod","VoxFilePath":"3a134191_KenpachiZarakikatana\\files\\KENPACHI ZARAKI.vox","VoxelSize":0.1,"CenterPivot":true,"ColorReplacements":"C69B00FF-C69B00FF|A0A0A0FF-A6A067A7|D6D6D6FF-D6D6D6FF|909090FF-909090FF","ReplaceWithFavoriteColors":{"$type":"System.Collections.Generic.Dictionary`2[[System.String, mscorlib],[OverhaulMod.Content.Personalization.FavoriteColorSettings, OverhaulMod]], mscorlib"}}},"enableIfWeaponVariant":0},"UniqueIndex":13,"NextUniqueIndex":0},{"$type":"OverhaulMod.Content.Personalization.PersonalizationEditorObjectInfo, OverhaulMod","PositionArray":{"$type":"System.Single[], mscorlib","$values":[-0.07,0.0,0.41]},"EulerAnglesArray":{"$type":"System.Single[], mscorlib","$values":[0.0,1.0,0.0]},"ScaleArray":{"$type":"System.Single[], mscorlib","$values":[0.002,0.002,0.013]},"Name":"Fire particles (Sword)","Path":"FireParticles_Sword","IsRoot":false,"Children":{"$type":"System.Collections.Generic.List`1[[OverhaulMod.Content.Personalization.PersonalizationEditorObjectInfo, OverhaulMod]], mscorlib","$values":[]},"PropertyValues":{"$type":"System.Collections.Generic.Dictionary`2[[System.String, mscorlib],[System.Object, mscorlib]], mscorlib","color":"FFFF00FF"},"UniqueIndex":14,"NextUniqueIndex":0},{"$type":"OverhaulMod.Content.Personalization.PersonalizationEditorObjectInfo, OverhaulMod","PositionArray":{"$type":"System.Single[], mscorlib","$values":[-0.07,0.0,0.41]},"EulerAnglesArray":{"$type":"System.Single[], mscorlib","$values":[0.0,1.0,90.0]},"ScaleArray":{"$type":"System.Single[], mscorlib","$values":[0.002,0.002,0.013]},"Name":"Fire particles (Sword)","Path":"FireParticles_Sword","IsRoot":false,"Children":{"$type":"System.Collections.Generic.List`1[[OverhaulMod.Content.Personalization.PersonalizationEditorObjectInfo, OverhaulMod]], mscorlib","$values":[]},"PropertyValues":{"$type":"System.Collections.Generic.Dictionary`2[[System.String, mscorlib],[System.Object, mscorlib]], mscorlib","enableIfWeaponVariant":4,"color":"FF0000FF"},"UniqueIndex":15,"NextUniqueIndex":0}]},"PropertyValues":{"$type":"System.Collections.Generic.Dictionary`2[[System.String, mscorlib],[System.Object, mscorlib]], mscorlib"},"UniqueIndex":0,"NextUniqueIndex":15},"Offsets":{"$type":"OverhaulMod.Content.Personalization.PersonalizationItemOffsetList, OverhaulMod"}}