{"$type":"OverhaulMod.Content.Personalization.PersonalizationItemInfo, OverhaulMod","Name":"Klinge des Lichts","Description":"Über diese Waffe, die einst einem Kriegsherrn aus dem inneren Kreis des Imperators gehörte, ist wenig bekannt, aber Gerüchten zufolge wurde diese Klinge aus dem Kern einer glühenden Sternschnuppe geschmiedet, die im Sonnensystem Omega-7 entdeckt wurde. ","IsSentForVerification":false,"IsVerified":true,"ReuploadedTheItem":false,"ItemID":"e24a315e-a321-4f23-b043-e9f0a779af90","EditorID":"76561198170132614","Authors":{"$type":"System.Collections.Generic.List`1[[System.String, mscorlib]], mscorlib","$values":["TigerCat"]},"ExclusiveFor_V2":{"$type":"System.Collections.Generic.List`1[[OverhaulMod.Content.Personalization.PersonalizationItemLockInfo, OverhaulMod]], mscorlib","$values":[{"$type":"OverhaulMod.Content.Personalization.PersonalizationItemLockInfo, OverhaulMod","PlayerNickname":"TigerCat","PlayerPlayFabID":"A1ECEB5827AE6C2A","PlayerSteamID":76561198170132614,"PlayerDiscordUserID":0}]},"Category":1,"Weapon":1,"HideBowStrings":false,"BowStringsWidth":1.0,"OverrideParent":null,"BodyPartName":"Head","Version":0,"RootObject":{"$type":"OverhaulMod.Content.Personalization.PersonalizationEditorObjectInfo, OverhaulMod","PositionArray":{"$type":"System.Single[], mscorlib","$values":[0.0,0.0,0.0]},"EulerAnglesArray":{"$type":"System.Single[], mscorlib","$values":[0.0,0.0,0.0]},"ScaleArray":{"$type":"System.Single[], mscorlib","$values":[1.0,1.0,1.0]},"Name":"Root","Path":"Empty","IsRoot":true,"Children":{"$type":"System.Collections.Generic.List`1[[OverhaulMod.Content.Personalization.PersonalizationEditorObjectInfo, OverhaulMod]], mscorlib","$values":[{"$type":"OverhaulMod.Content.Personalization.PersonalizationEditorObjectInfo, OverhaulMod","PositionArray":{"$type":"System.Single[], mscorlib","$values":[0.1,0.05,0.9]},"EulerAnglesArray":{"$type":"System.Single[], mscorlib","$values":[0.0,270.0,270.0]},"ScaleArray":{"$type":"System.Single[], mscorlib","$values":[1.0,1.0,1.0]},"Name":"Model Renderer (.vox)","Path":"Volume","IsRoot":false,"Children":{"$type":"System.Collections.Generic.List`1[[OverhaulMod.Content.Personalization.PersonalizationEditorObjectInfo, OverhaulMod]], mscorlib","$values":[]},"PropertyValues":{"$type":"System.Collections.Generic.Dictionary`2[[System.String, mscorlib],[System.Object, mscorlib]], mscorlib","volumeSettingPresets":{"$type":"System.Collections.Generic.Dictionary`2[[OverhaulMod.Engine.WeaponVariant, OverhaulMod],[OverhaulMod.Content.Personalization.VolumeSettingsPreset, OverhaulMod]], mscorlib","OnFireMultiplayer":{"$type":"OverhaulMod.Content.Personalization.VolumeSettingsPreset, OverhaulMod","VoxFilePath":"e24a315e_KlingeDesLichts\\files\\sword_13.vox","VoxelSize":0.11,"CenterPivot":true,"ColorReplacements":"000000FF-000000FF|FF0000FF-FF560C00|FF7C00FF-FF9D4A00|D30000FF-D39A648C|C20909FF-CE5D0063","ReplaceWithFavoriteColors":{"$type":"System.Collections.Generic.Dictionary`2[[System.String, mscorlib],[OverhaulMod.Content.Personalization.FavoriteColorSettings, OverhaulMod]], mscorlib"}},"NormalMultiplayer":{"$type":"OverhaulMod.Content.Personalization.VolumeSettingsPreset, OverhaulMod","VoxFilePath":"e24a315e_KlingeDesLichts\\files\\sword_13.vox","VoxelSize":0.11,"CenterPivot":true,"ColorReplacements":"000000FF-000000FF|FF0000FF-FF5C1000|FF7C00FF-FF9B3F00|D30000FF-D397658B|C20909FF-CE6C0972","ReplaceWithFavoriteColors":{"$type":"System.Collections.Generic.Dictionary`2[[System.String, mscorlib],[OverhaulMod.Content.Personalization.FavoriteColorSettings, OverhaulMod]], mscorlib"}},"Normal":{"$type":"OverhaulMod.Content.Personalization.VolumeSettingsPreset, OverhaulMod","VoxFilePath":"e24a315e_KlingeDesLichts\\files\\sword_13.vox","VoxelSize":0.11,"CenterPivot":true,"ColorReplacements":"000000FF-000000FF|FF0000FF-FF561000|FF7C00FF-FF9C4C00|D30000FF-D398658F|C20909FF-CC59095D","ReplaceWithFavoriteColors":{"$type":"System.Collections.Generic.Dictionary`2[[System.String, mscorlib],[OverhaulMod.Content.Personalization.FavoriteColorSettings, OverhaulMod]], mscorlib"}},"OnFire":{"$type":"OverhaulMod.Content.Personalization.VolumeSettingsPreset, OverhaulMod","VoxFilePath":"e24a315e_KlingeDesLichts\\files\\sword_13.vox","VoxelSize":0.11,"CenterPivot":true,"ColorReplacements":"000000FF-000000FF|FF0000FF-FF5B0F00|FF7C00FF-FFA04B00|D30000FF-D3956286|C20909FF-C25F0966","ReplaceWithFavoriteColors":{"$type":"System.Collections.Generic.Dictionary`2[[System.String, mscorlib],[OverhaulMod.Content.Personalization.FavoriteColorSettings, OverhaulMod]], mscorlib"}}},"hideIfNoPreset":false,"enableIfWeaponVariant":0},"UniqueIndex":1,"NextUniqueIndex":0},{"$type":"OverhaulMod.Content.Personalization.PersonalizationEditorObjectInfo, OverhaulMod","PositionArray":{"$type":"System.Single[], mscorlib","$values":[0.0,0.0,0.0]},"EulerAnglesArray":{"$type":"System.Single[], mscorlib","$values":[0.0,0.0,0.0]},"ScaleArray":{"$type":"System.Single[], mscorlib","$values":[0.01,0.01,0.01]},"Name":"Fire particles (Sword)","Path":"FireParticles_Sword","IsRoot":false,"Children":{"$type":"System.Collections.Generic.List`1[[OverhaulMod.Content.Personalization.PersonalizationEditorObjectInfo, OverhaulMod]], mscorlib","$values":[]},"PropertyValues":{"$type":"System.Collections.Generic.Dictionary`2[[System.String, mscorlib],[System.Object, mscorlib]], mscorlib","enableIfWeaponVariant":2},"UniqueIndex":2,"NextUniqueIndex":0},{"$type":"OverhaulMod.Content.Personalization.PersonalizationEditorObjectInfo, OverhaulMod","PositionArray":{"$type":"System.Single[], mscorlib","$values":[0.0,0.0,0.5]},"EulerAnglesArray":{"$type":"System.Single[], mscorlib","$values":[0.0,0.0,0.0]},"ScaleArray":{"$type":"System.Single[], mscorlib","$values":[0.01,0.02,0.01]},"Name":"Fire particles (Sword)","Path":"FireParticles_Sword","IsRoot":false,"Children":{"$type":"System.Collections.Generic.List`1[[OverhaulMod.Content.Personalization.PersonalizationEditorObjectInfo, OverhaulMod]], mscorlib","$values":[]},"PropertyValues":{"$type":"System.Collections.Generic.Dictionary`2[[System.String, mscorlib],[System.Object, mscorlib]], mscorlib","enableIfWeaponVariant":4,"color":"F4FF00FF","favoriteColorHueOffset":0.06,"favoriteColorBrightness":1.0,"enableSmoke":true},"UniqueIndex":4,"NextUniqueIndex":0}]},"PropertyValues":{"$type":"System.Collections.Generic.Dictionary`2[[System.String, mscorlib],[System.Object, mscorlib]], mscorlib"},"UniqueIndex":0,"NextUniqueIndex":5},"Offsets":{"$type":"OverhaulMod.Content.Personalization.PersonalizationItemOffsetList, OverhaulMod"}}