{"$type":"OverhaulMod.Content.Personalization.PersonalizationItemInfo, OverhaulMod","Name":"Gregg's Sausage Roll","Description":"No description provided.","IsSentForVerification":false,"IsVerified":true,"ReuploadedTheItem":false,"ItemID":"262840d7-7ddc-47b4-a42e-33eab150e98e","EditorID":"76561198046183406","Authors":{"$type":"System.Collections.Generic.List`1[[System.String, mscorlib]], mscorlib","$values":["Wahoo"]},"ExclusiveFor_V2":{"$type":"System.Collections.Generic.List`1[[OverhaulMod.Content.Personalization.PersonalizationItemLockInfo, OverhaulMod]], mscorlib","$values":[]},"Category":1,"Weapon":1,"HideBowStrings":false,"BowStringsWidth":1.0,"OverrideParent":null,"BodyPartName":"Head","Version":0,"RootObject":{"$type":"OverhaulMod.Content.Personalization.PersonalizationEditorObjectInfo, OverhaulMod","PositionArray":{"$type":"System.Single[], mscorlib","$values":[0.0,0.0,0.0]},"EulerAnglesArray":{"$type":"System.Single[], mscorlib","$values":[0.0,0.0,0.0]},"ScaleArray":{"$type":"System.Single[], mscorlib","$values":[1.0,1.0,1.0]},"Name":"Root","Path":"Empty","IsRoot":true,"Children":{"$type":"System.Collections.Generic.List`1[[OverhaulMod.Content.Personalization.PersonalizationEditorObjectInfo, OverhaulMod]], mscorlib","$values":[{"$type":"OverhaulMod.Content.Personalization.PersonalizationEditorObjectInfo, OverhaulMod","PositionArray":{"$type":"System.Single[], mscorlib","$values":[0.0,0.0,0.5]},"EulerAnglesArray":{"$type":"System.Single[], mscorlib","$values":[0.0,0.0,0.0]},"ScaleArray":{"$type":"System.Single[], mscorlib","$values":[0.01,0.02,0.01]},"Name":"Fire particles (Sword)","Path":"FireParticles_Sword","IsRoot":false,"Children":{"$type":"System.Collections.Generic.List`1[[OverhaulMod.Content.Personalization.PersonalizationEditorObjectInfo, OverhaulMod]], mscorlib","$values":[]},"PropertyValues":{"$type":"System.Collections.Generic.Dictionary`2[[System.String, mscorlib],[System.Object, mscorlib]], mscorlib","enableIfWeaponVariant":2,"applyFavoriteColor":false,"color":"FFFFFFFF","enableSmoke":true},"UniqueIndex":2,"NextUniqueIndex":0},{"$type":"OverhaulMod.Content.Personalization.PersonalizationEditorObjectInfo, OverhaulMod","PositionArray":{"$type":"System.Single[], mscorlib","$values":[-0.08,0.02,1.1]},"EulerAnglesArray":{"$type":"System.Single[], mscorlib","$values":[0.0,270.0,0.0]},"ScaleArray":{"$type":"System.Single[], mscorlib","$values":[0.8,0.5,0.5]},"Name":"Model Renderer (.vox)","Path":"Volume","IsRoot":false,"Children":{"$type":"System.Collections.Generic.List`1[[OverhaulMod.Content.Personalization.PersonalizationEditorObjectInfo, OverhaulMod]], mscorlib","$values":[]},"PropertyValues":{"$type":"System.Collections.Generic.Dictionary`2[[System.String, mscorlib],[System.Object, mscorlib]], mscorlib","volumeSettingPresets":{"$type":"System.Collections.Generic.Dictionary`2[[OverhaulMod.Engine.WeaponVariant, OverhaulMod],[OverhaulMod.Content.Personalization.VolumeSettingsPreset, OverhaulMod]], mscorlib","NormalMultiplayer":{"$type":"OverhaulMod.Content.Personalization.VolumeSettingsPreset, OverhaulMod","VoxFilePath":"262840d7_GreggsSausageRoll\\files\\Gregg's sausage roll (NOT A BAGUETTE).vox","VoxelSize":0.1,"CenterPivot":true,"ColorReplacements":"FFFFFFFF-FFFFFFFF|F4F4F4FF-F4F4F4FF|FAFAFAFF-FAFAFAFF|60C5FFFF-60C5FFFF|EAEAEAFF-EAEAEAFF|4C4C4CFF-4C4C4CFF|505050FF-505050FF|424242FF-424242FF|535353FF-535353FF|464646FF-464646FF|E2943BFF-E2943BFF|CE8531FF-CE8531FF|E0933AFF-E0933AFF|DE9139FF-DE9139FF|494949FF-494949FF|C7802DFF-C7802DFF|961717FF-961717FF|990E0EFF-990E0EFF|9E0000FF-9E0000FF|961919FF-961919FF|922424FF-922424FF","ReplaceWithFavoriteColors":{"$type":"System.Collections.Generic.Dictionary`2[[System.String, mscorlib],[OverhaulMod.Content.Personalization.FavoriteColorSettings, OverhaulMod]], mscorlib"}},"OnFireMultiplayer":{"$type":"OverhaulMod.Content.Personalization.VolumeSettingsPreset, OverhaulMod","VoxFilePath":"262840d7_GreggsSausageRoll\\files\\Gregg's sausage roll ON FIRE.vox","VoxelSize":0.1,"CenterPivot":true,"ColorReplacements":"222222FF-222222FF|282828FF-282828FF|B4B4B4FF-B4B4B4FF|ADADADFF-ADADADFF|B0B0B0FF-B0B0B0FF|425764FF-425764FF|A6A6A6FF-A6A6A6FF|2C2C2CFF-2C2C2CFF|1D1D1DFF-1D1D1DFF|202020FF-202020FF|4E4640FF-4E4640FF|151311FF-151311FF|49413CFF-49413CFF|443D37FF-443D37FF|242424FF-242424FF|961717FF-961717FF|990E0EFF-990E0EFF|9E0000FF-9E0000FF|961919FF-961919FF|922424FF-922424FF|535353FF-535353FF","ReplaceWithFavoriteColors":{"$type":"System.Collections.Generic.Dictionary`2[[System.String, mscorlib],[OverhaulMod.Content.Personalization.FavoriteColorSettings, OverhaulMod]], mscorlib"}}},"hideIfNoPreset":true,"enableIfWeaponVariant":0},"UniqueIndex":3,"NextUniqueIndex":0},{"$type":"OverhaulMod.Content.Personalization.PersonalizationEditorObjectInfo, OverhaulMod","PositionArray":{"$type":"System.Single[], mscorlib","$values":[-0.035,0.0,0.45]},"EulerAnglesArray":{"$type":"System.Single[], mscorlib","$values":[0.0,0.0,0.0]},"ScaleArray":{"$type":"System.Single[], mscorlib","$values":[0.01,0.01,0.011]},"Name":"Fire particles (Sword)","Path":"FireParticles_Sword","IsRoot":false,"Children":{"$type":"System.Collections.Generic.List`1[[OverhaulMod.Content.Personalization.PersonalizationEditorObjectInfo, OverhaulMod]], mscorlib","$values":[]},"PropertyValues":{"$type":"System.Collections.Generic.Dictionary`2[[System.String, mscorlib],[System.Object, mscorlib]], mscorlib","enableIfWeaponVariant":4,"enableSmoke":true},"UniqueIndex":4,"NextUniqueIndex":0},{"$type":"OverhaulMod.Content.Personalization.PersonalizationEditorObjectInfo, OverhaulMod","PositionArray":{"$type":"System.Single[], mscorlib","$values":[0.0,0.035,1.0]},"EulerAnglesArray":{"$type":"System.Single[], mscorlib","$values":[0.0,270.0,0.0]},"ScaleArray":{"$type":"System.Single[], mscorlib","$values":[0.7,0.5,0.4]},"Name":"Model Renderer (.vox)","Path":"Volume","IsRoot":false,"Children":{"$type":"System.Collections.Generic.List`1[[OverhaulMod.Content.Personalization.PersonalizationEditorObjectInfo, OverhaulMod]], mscorlib","$values":[]},"PropertyValues":{"$type":"System.Collections.Generic.Dictionary`2[[System.String, mscorlib],[System.Object, mscorlib]], mscorlib","volumeSettingPresets":{"$type":"System.Collections.Generic.Dictionary`2[[OverhaulMod.Engine.WeaponVariant, OverhaulMod],[OverhaulMod.Content.Personalization.VolumeSettingsPreset, OverhaulMod]], mscorlib","Normal":{"$type":"OverhaulMod.Content.Personalization.VolumeSettingsPreset, OverhaulMod","VoxFilePath":"262840d7_GreggsSausageRoll\\files\\Gregg's sausage roll (NOT A BAGUETTE).vox","VoxelSize":0.1,"CenterPivot":true,"ColorReplacements":"FFFFFFFF-FFFFFFFF|F4F4F4FF-F4F4F4FF|FAFAFAFF-FAFAFAFF|60C5FFFF-60C5FFFF|EAEAEAFF-EAEAEAFF|4C4C4CFF-4C4C4CFF|505050FF-505050FF|424242FF-424242FF|535353FF-535353FF|464646FF-464646FF|E2943BFF-E2943BFF|CE8531FF-CE8531FF|E0933AFF-E0933AFF|DE9139FF-DE9139FF|494949FF-494949FF|C7802DFF-C7802DFF|961717FF-961717FF|990E0EFF-990E0EFF|9E0000FF-9E0000FF|961919FF-961919FF|922424FF-922424FF","ReplaceWithFavoriteColors":{"$type":"System.Collections.Generic.Dictionary`2[[System.String, mscorlib],[OverhaulMod.Content.Personalization.FavoriteColorSettings, OverhaulMod]], mscorlib"}},"OnFire":{"$type":"OverhaulMod.Content.Personalization.VolumeSettingsPreset, OverhaulMod","VoxFilePath":"262840d7_GreggsSausageRoll\\files\\Gregg's sausage roll ON FIRE.vox","VoxelSize":0.1,"CenterPivot":true,"ColorReplacements":"222222FF-222222FF|282828FF-282828FF|B4B4B4FF-B4B4B4FF|ADADADFF-ADADADFF|B0B0B0FF-B0B0B0FF|425764FF-425764FF|A6A6A6FF-A6A6A6FF|2C2C2CFF-2C2C2CFF|1D1D1DFF-1D1D1DFF|202020FF-202020FF|4E4640FF-4E4640FF|151311FF-151311FF|49413CFF-49413CFF|443D37FF-443D37FF|242424FF-242424FF|961717FF-961717FF|990E0EFF-990E0EFF|9E0000FF-9E0000FF|961919FF-961919FF|922424FF-922424FF|535353FF-535353FF","ReplaceWithFavoriteColors":{"$type":"System.Collections.Generic.Dictionary`2[[System.String, mscorlib],[OverhaulMod.Content.Personalization.FavoriteColorSettings, OverhaulMod]], mscorlib"}}},"hideIfNoPreset":true},"UniqueIndex":6,"NextUniqueIndex":0}]},"PropertyValues":{"$type":"System.Collections.Generic.Dictionary`2[[System.String, mscorlib],[System.Object, mscorlib]], mscorlib"},"UniqueIndex":0,"NextUniqueIndex":6},"Offsets":{"$type":"OverhaulMod.Content.Personalization.PersonalizationItemOffsetList, OverhaulMod"}}