{"$type":"OverhaulMod.Content.Personalization.PersonalizationItemInfo, OverhaulMod","Name":"Energy scimitar","Description":"=)","IsSentForVerification":false,"IsVerified":true,"ReuploadedTheItem":false,"ItemID":"6a1ed8b5-c5d2-433e-a28c-36259cf5cd01","EditorID":"76561198040464106","Authors":{"$type":"System.Collections.Generic.List`1[[System.String, mscorlib]], mscorlib","$values":["st0rmwarri0r"]},"ExclusiveFor_V2":{"$type":"System.Collections.Generic.List`1[[OverhaulMod.Content.Personalization.PersonalizationItemLockInfo, OverhaulMod]], mscorlib","$values":[]},"Category":1,"Weapon":1,"HideBowStrings":false,"BowStringsWidth":1.0,"OverrideParent":null,"BodyPartName":"Head","Version":2,"RootObject":{"$type":"OverhaulMod.Content.Personalization.PersonalizationEditorObjectInfo, OverhaulMod","PositionArray":{"$type":"System.Single[], mscorlib","$values":[0.0,0.0,0.0]},"EulerAnglesArray":{"$type":"System.Single[], mscorlib","$values":[0.0,0.0,0.0]},"ScaleArray":{"$type":"System.Single[], mscorlib","$values":[1.0,1.0,1.0]},"Name":"Root","Path":"Empty","IsRoot":true,"Children":{"$type":"System.Collections.Generic.List`1[[OverhaulMod.Content.Personalization.PersonalizationEditorObjectInfo, OverhaulMod]], mscorlib","$values":[{"$type":"OverhaulMod.Content.Personalization.PersonalizationEditorObjectInfo, OverhaulMod","PositionArray":{"$type":"System.Single[], mscorlib","$values":[0.05,0.0,0.63]},"EulerAnglesArray":{"$type":"System.Single[], mscorlib","$values":[0.0,270.0,270.0]},"ScaleArray":{"$type":"System.Single[], mscorlib","$values":[1.0,1.0,1.0]},"Name":"Model Renderer (.vox)","Path":"Volume","IsRoot":false,"Children":{"$type":"System.Collections.Generic.List`1[[OverhaulMod.Content.Personalization.PersonalizationEditorObjectInfo, OverhaulMod]], mscorlib","$values":[]},"PropertyValues":{"$type":"System.Collections.Generic.Dictionary`2[[System.String, mscorlib],[System.Object, mscorlib]], mscorlib","volumeSettingPresets":{"$type":"System.Collections.Generic.Dictionary`2[[OverhaulMod.Engine.WeaponVariant2, OverhaulMod],[OverhaulMod.Content.Personalization.VolumeSettingsPreset, OverhaulMod]], mscorlib","Normal":{"$type":"OverhaulMod.Content.Personalization.VolumeSettingsPreset, OverhaulMod","VoxFilePath":"6a1ed8b5_EnergyScimitar\\files\\4444.vox","VoxelSize":0.1,"CenterPivot":true,"ColorReplacements":"F0BC3CFF-F0BC3CFF|76A8C1FF-76A8C1FF|9CDEFFFF-9CDEFFFF|FCE4A0FF-FCE4A0FF|CEEFFFFF-CEEFFFFF|E8F7FFFF-E8F7FFFF|FFFFFFFF-FFFFFFFF","ReplaceWithFavoriteColors":{"$type":"System.Collections.Generic.Dictionary`2[[System.String, mscorlib],[OverhaulMod.Content.Personalization.FavoriteColorSettings, OverhaulMod]], mscorlib","FFFFFFFF":{"$type":"OverhaulMod.Content.Personalization.FavoriteColorSettings, OverhaulMod","SaturationMultiplier":0.7,"BrightnessMultiplier":1.0,"GlowPercent":0.35},"E8F7FFFF":{"$type":"OverhaulMod.Content.Personalization.FavoriteColorSettings, OverhaulMod","SaturationMultiplier":0.76,"BrightnessMultiplier":1.0,"GlowPercent":0.35},"CEEFFFFF":{"$type":"OverhaulMod.Content.Personalization.FavoriteColorSettings, OverhaulMod","SaturationMultiplier":0.81,"BrightnessMultiplier":1.0,"GlowPercent":0.35},"9CDEFFFF":{"$type":"OverhaulMod.Content.Personalization.FavoriteColorSettings, OverhaulMod","SaturationMultiplier":0.9,"BrightnessMultiplier":1.0,"GlowPercent":0.35},"76A8C1FF":{"$type":"OverhaulMod.Content.Personalization.FavoriteColorSettings, OverhaulMod","SaturationMultiplier":0.97,"BrightnessMultiplier":1.0,"GlowPercent":0.35}}},"OnFire":{"$type":"OverhaulMod.Content.Personalization.VolumeSettingsPreset, OverhaulMod","VoxFilePath":"6a1ed8b5_EnergyScimitar\\files\\4444.vox","VoxelSize":0.1,"CenterPivot":true,"ColorReplacements":"F0BC3CFF-F0BC3CFF|76A8C1FF-A55B20D6|9CDEFFFF-A55B20C1|FCE4A0FF-FCE4A0FF|CEEFFFFF-A55B20A7|E8F7FFFF-A55B209B|FFFFFFFF-A55B2090","ReplaceWithFavoriteColors":{"$type":"System.Collections.Generic.Dictionary`2[[System.String, mscorlib],[OverhaulMod.Content.Personalization.FavoriteColorSettings, OverhaulMod]], mscorlib"}},"NormalMultiplayer":{"$type":"OverhaulMod.Content.Personalization.VolumeSettingsPreset, OverhaulMod","VoxFilePath":"6a1ed8b5_EnergyScimitar\\files\\4444.vox","VoxelSize":0.1,"CenterPivot":true,"ColorReplacements":"F0BC3CFF-F0BC3CFF|76A8C1FF-76A8C1FF|9CDEFFFF-9CDEFFFF|FCE4A0FF-FCE4A0FF|CEEFFFFF-CEEFFFFF|E8F7FFFF-E8F7FFFF|FFFFFFFF-FFFFFFFF","ReplaceWithFavoriteColors":{"$type":"System.Collections.Generic.Dictionary`2[[System.String, mscorlib],[OverhaulMod.Content.Personalization.FavoriteColorSettings, OverhaulMod]], mscorlib","FFFFFFFF":{"$type":"OverhaulMod.Content.Personalization.FavoriteColorSettings, OverhaulMod","SaturationMultiplier":0.7,"BrightnessMultiplier":1.0,"GlowPercent":0.35},"E8F7FFFF":{"$type":"OverhaulMod.Content.Personalization.FavoriteColorSettings, OverhaulMod","SaturationMultiplier":0.77,"BrightnessMultiplier":1.0,"GlowPercent":0.35},"CEEFFFFF":{"$type":"OverhaulMod.Content.Personalization.FavoriteColorSettings, OverhaulMod","SaturationMultiplier":0.8,"BrightnessMultiplier":1.0,"GlowPercent":0.35},"9CDEFFFF":{"$type":"OverhaulMod.Content.Personalization.FavoriteColorSettings, OverhaulMod","SaturationMultiplier":0.9,"BrightnessMultiplier":1.0,"GlowPercent":0.35},"76A8C1FF":{"$type":"OverhaulMod.Content.Personalization.FavoriteColorSettings, OverhaulMod","SaturationMultiplier":0.94,"BrightnessMultiplier":1.0,"GlowPercent":0.35}}},"OnFireMultiplayer":{"$type":"OverhaulMod.Content.Personalization.VolumeSettingsPreset, OverhaulMod","VoxFilePath":"6a1ed8b5_EnergyScimitar\\files\\4444.vox","VoxelSize":0.1,"CenterPivot":true,"ColorReplacements":"F0BC3CFF-F0BC3CFF|76A8C1FF-A55B20D6|9CDEFFFF-A55B20C1|FCE4A0FF-FCE4A0FF|CEEFFFFF-A55B20A7|E8F7FFFF-A55B209B|FFFFFFFF-A55B2090","ReplaceWithFavoriteColors":{"$type":"System.Collections.Generic.Dictionary`2[[System.String, mscorlib],[OverhaulMod.Content.Personalization.FavoriteColorSettings, OverhaulMod]], mscorlib"}}},"hideIfNoPreset":true},"UniqueIndex":1,"NextUniqueIndex":0},{"$type":"OverhaulMod.Content.Personalization.PersonalizationEditorObjectInfo, OverhaulMod","PositionArray":{"$type":"System.Single[], mscorlib","$values":[0.0,0.0,0.3]},"EulerAnglesArray":{"$type":"System.Single[], mscorlib","$values":[0.0,0.0,0.0]},"ScaleArray":{"$type":"System.Single[], mscorlib","$values":[0.015,0.015,0.01]},"Name":"Fire particles (Sword)","Path":"FireParticles_Sword","IsRoot":false,"Children":{"$type":"System.Collections.Generic.List`1[[OverhaulMod.Content.Personalization.PersonalizationEditorObjectInfo, OverhaulMod]], mscorlib","$values":[]},"PropertyValues":{"$type":"System.Collections.Generic.Dictionary`2[[System.String, mscorlib],[System.Object, mscorlib]], mscorlib","enableIfWeaponVariant":2},"UniqueIndex":5,"NextUniqueIndex":0},{"$type":"OverhaulMod.Content.Personalization.PersonalizationEditorObjectInfo, OverhaulMod","PositionArray":{"$type":"System.Single[], mscorlib","$values":[0.0,0.0,0.3]},"EulerAnglesArray":{"$type":"System.Single[], mscorlib","$values":[0.0,0.0,0.0]},"ScaleArray":{"$type":"System.Single[], mscorlib","$values":[0.015,0.015,0.01]},"Name":"Fire particles (Sword)","Path":"FireParticles_Sword","IsRoot":false,"Children":{"$type":"System.Collections.Generic.List`1[[OverhaulMod.Content.Personalization.PersonalizationEditorObjectInfo, OverhaulMod]], mscorlib","$values":[]},"PropertyValues":{"$type":"System.Collections.Generic.Dictionary`2[[System.String, mscorlib],[System.Object, mscorlib]], mscorlib","enableIfWeaponVariant":4},"UniqueIndex":6,"NextUniqueIndex":0}]},"PropertyValues":{"$type":"System.Collections.Generic.Dictionary`2[[System.String, mscorlib],[System.Object, mscorlib]], mscorlib"},"UniqueIndex":0,"NextUniqueIndex":6}}