{"$type":"OverhaulMod.Content.Personalization.PersonalizationItemInfo, OverhaulMod","Name":"FunnyBass Rotated","Description":"Le funny bass guitar of Riki's discord pfp\n\nRotated version","IsSentForVerification":false,"IsVerified":true,"ReuploadedTheItem":false,"ItemID":"5a19308f-ed92-4829-be63-f0b52e270276","EditorID":"76561199690515332","Authors":{"$type":"System.Collections.Generic.List`1[[System.String, mscorlib]], mscorlib","$values":["Riki"]},"ExclusiveFor_V2":{"$type":"System.Collections.Generic.List`1[[OverhaulMod.Content.Personalization.PersonalizationItemLockInfo, OverhaulMod]], mscorlib","$values":[]},"Category":1,"Weapon":3,"HideBowStrings":false,"BowStringsWidth":1.0,"OverrideParent":null,"BodyPartName":"Head","Version":1,"RootObject":{"$type":"OverhaulMod.Content.Personalization.PersonalizationEditorObjectInfo, OverhaulMod","PositionArray":{"$type":"System.Single[], mscorlib","$values":[0.0,0.0,0.0]},"EulerAnglesArray":{"$type":"System.Single[], mscorlib","$values":[0.0,0.0,0.0]},"ScaleArray":{"$type":"System.Single[], mscorlib","$values":[1.0,1.0,1.0]},"Name":"Root","Path":"Empty","IsRoot":true,"Children":{"$type":"System.Collections.Generic.List`1[[OverhaulMod.Content.Personalization.PersonalizationEditorObjectInfo, OverhaulMod]], mscorlib","$values":[{"$type":"OverhaulMod.Content.Personalization.PersonalizationEditorObjectInfo, OverhaulMod","PositionArray":{"$type":"System.Single[], mscorlib","$values":[0.6,-0.05,0.1]},"EulerAnglesArray":{"$type":"System.Single[], mscorlib","$values":[0.9999999,2.66844911E-08,135.0]},"ScaleArray":{"$type":"System.Single[], mscorlib","$values":[1.1,1.1,1.1]},"Name":"Model Renderer (.vox)","Path":"Volume","IsRoot":false,"Children":{"$type":"System.Collections.Generic.List`1[[OverhaulMod.Content.Personalization.PersonalizationEditorObjectInfo, OverhaulMod]], mscorlib","$values":[]},"PropertyValues":{"$type":"System.Collections.Generic.Dictionary`2[[System.String, mscorlib],[System.Object, mscorlib]], mscorlib","volumeSettingPresets":{"$type":"System.Collections.Generic.Dictionary`2[[OverhaulMod.Engine.WeaponVariant, OverhaulMod],[OverhaulMod.Content.Personalization.VolumeSettingsPreset, OverhaulMod]], mscorlib","Normal":{"$type":"OverhaulMod.Content.Personalization.VolumeSettingsPreset, OverhaulMod","VoxFilePath":"5a19308f\\files\\funny bass weapon.vox","VoxelSize":0.1,"CenterPivot":true,"ColorReplacements":"4B473BFF-4B473BFF|AAA5A1FF-AAA5A1FF|666259FF-666259FF|7F7A76FF-7F7A76FF|838174FF-838174FF|A7A29EFF-A7A29EFF|656660FF-656660FF|7B7C76FF-7B7C76FF|8B9094FF-8B9094FF|38373DFF-38373DFF|383838FF-383838FF|3D3C42FF-3D3C42FF|3A393FFF-3A393FFF|35343AFF-35343AFF|3A3B35FF-3A3B35FF|B3B2AEFF-B3B2AEFF|303225FF-303225FF|2C3232FF-2C3232FF|3A3A3AFF-3A3A3AFF|080808FF-080808FF|262626FF-262626FF|24232BFF-24232BFF|29292BFF-29292BFF|2F3533FF-2F3533FF|292929FF-292929FF|1C1C1CFF-1C1C1CFF|858585FF-858585FF|4A2D29FF-4A2D29FF|201B17FF-201B17FF|1F1F1FFF-1F1F1FFF|333238FF-333238FF|2E2E2EFF-2E2E2EFF|242424FF-242424FF|2B2B2BFF-2B2B2BFF|4B4B4BFF-4B4B4BFF|444444FF-444444FF|9C9BA1FF-9C9BA1FF|9E9E9EFF-9E9E9EFF|535353FF-535353FF|6A6A6AFF-6A6A6AFF|2B2A30FF-2B2A30FF|2C3135FF-2C3135FF|3C3731FF-3C3731FF|121212FF-121212FF|6C6C6CFF-6C6C6CFF|797979FF-797979FF|8A8A8AFF-8A8A8AFF|8D8D8DFF-8D8D8DFF|2B2A2FFF-2B2A2FFF|55504AFF-55504AFF|494039FF-494039FF|3A302EFF-3A302EFF|888888FF-888888FF|808080FF-808080FF|7E7E7EFF-7E7E7EFF|57524EFF-57524EFF|554B49FF-554B49FF|877F72FF-877F72FF|2B2B2DFF-2B2B2DFF|555148FF-555148FF|C8C4BBFF-C8C4BBFF|C5C1B5FF-C5C1B5FF|565658FF-565658FF|B1AE9DFF-B1AE9DFF|827972FF-827972FF|463C3AFF-463C3AFF|6F6F6FFF-6F6F6FFF|3C3525FF-3C3525FF|504549FF-504549FF|212121FF-212121FF|2F2A26FF-2F2A26FF|504B47FF-504B47FF|58513EFF-58513EFF|171717FF-171717FF|0D0D0DFF-0D0D0DFF|98967FFF-98967FFF|504740FF-504740FF|4E453EFF-4E453EFF|949399FF-949399FF|969289FF-969289FF|463D36FF-463D36FF|413735FF-413735FF|101010FF-101010FF|6E6462FF-6E6462FF|322922FF-322922FF|554C45FF-554C45FF|71685FFF-71685FFF|584F48FF-584F48FF|4A4037FF-4A4037FF|757168FF-757168FF|C1B8B1FF-C1B8B1FF|4B423BFF-4B423BFF|766E61FF-766E61FF|4F4136FF-4F4136FF|594743FF-594743FF|4A3D2CFF-4A3D2CFF|5F564FFF-5F564FFF|41392CFF-41392CFF|413831FF-413831FF|4B413FFF-4B413FFF|2D2A19FF-2D2A19FF|524F40FF-524F40FF|291E1CFF-291E1CFF|6B6662FF-6B6662FF|B4AC9FFF-B4AC9FFF|9D9990FF-9D9990FF|ABACA6FF-ABACA6FF|363B3FFF-363B3FFF","ReplaceWithFavoriteColors":{"$type":"System.Collections.Generic.Dictionary`2[[System.String, mscorlib],[OverhaulMod.Content.Personalization.FavoriteColorSettings, OverhaulMod]], mscorlib"}},"OnFire":{"$type":"OverhaulMod.Content.Personalization.VolumeSettingsPreset, OverhaulMod","VoxFilePath":"5a19308f\\files\\funny bass weapon (fire).vox","VoxelSize":0.1,"CenterPivot":true,"ColorReplacements":"FF7B00FF-FF1800A0|00D8FFFF-FF2400A0|00C0C4FF-FF180054|FF0000FF-FF1000BC|35343AFF-35343AFF|3A3B35FF-3A3B35FF|303225FF-303225FF|2C3232FF-2C3232FF|383838FF-383838FF|3A3A3AFF-3A3A3AFF|3D3C42FF-3D3C42FF|080808FF-080808FF|262626FF-262626FF|24232BFF-24232BFF|29292BFF-29292BFF|4B473BFF-4B473BFF|2F3533FF-2F3533FF|292929FF-292929FF|1C1C1CFF-1C1C1CFF|858585FF-858585FF|4A2D29FF-4A2D29FF|201B17FF-201B17FF|1F1F1FFF-1F1F1FFF|AAA5A1FF-AAA5A1FF|666259FF-666259FF|7F7A76FF-7F7A76FF|333238FF-333238FF|838174FF-838174FF|2E2E2EFF-2E2E2EFF|A7A29EFF-A7A29EFF|242424FF-242424FF|656660FF-656660FF|7B7C76FF-7B7C76FF|2B2B2BFF-2B2B2BFF|8B9094FF-8B9094FF|4B4B4BFF-4B4B4BFF|38373DFF-38373DFF|444444FF-444444FF|9C9BA1FF-9C9BA1FF|9E9E9EFF-9E9E9EFF|535353FF-535353FF|6A6A6AFF-6A6A6AFF|3A393FFF-3A393FFF|2B2A30FF-2B2A30FF|2C3135FF-2C3135FF|3C3731FF-3C3731FF|121212FF-121212FF|6C6C6CFF-6C6C6CFF|797979FF-797979FF|8A8A8AFF-8A8A8AFF|8D8D8DFF-8D8D8DFF|2B2A2FFF-2B2A2FFF|55504AFF-55504AFF|494039FF-494039FF|3A302EFF-3A302EFF|888888FF-888888FF|808080FF-808080FF|7E7E7EFF-7E7E7EFF|57524EFF-57524EFF|554B49FF-554B49FF|877F72FF-877F72FF|2B2B2DFF-2B2B2DFF|555148FF-555148FF|C8C4BBFF-C8C4BBFF|C5C1B5FF-C5C1B5FF|565658FF-565658FF|B1AE9DFF-B1AE9DFF|827972FF-827972FF|463C3AFF-463C3AFF|6F6F6FFF-6F6F6FFF|3C3525FF-3C3525FF|504549FF-504549FF|212121FF-212121FF|2F2A26FF-2F2A26FF|504B47FF-504B47FF|58513EFF-58513EFF|171717FF-171717FF|0D0D0DFF-0D0D0DFF|98967FFF-98967FFF|504740FF-504740FF|4E453EFF-4E453EFF|949399FF-949399FF|969289FF-969289FF|463D36FF-463D36FF|413735FF-413735FF|101010FF-101010FF|6E6462FF-6E6462FF|322922FF-322922FF|554C45FF-554C45FF|71685FFF-71685FFF|584F48FF-584F48FF|4A4037FF-4A4037FF|757168FF-757168FF|C1B8B1FF-C1B8B1FF|4B423BFF-4B423BFF|766E61FF-766E61FF|4F4136FF-4F4136FF|594743FF-594743FF|4A3D2CFF-4A3D2CFF|5F564FFF-5F564FFF|41392CFF-41392CFF|413831FF-413831FF|4B413FFF-4B413FFF|2D2A19FF-2D2A19FF|524F40FF-524F40FF|291E1CFF-291E1CFF|6B6662FF-6B6662FF|B3B2AEFF-B3B2AEFF|363B3FFF-363B3FFF","ReplaceWithFavoriteColors":{"$type":"System.Collections.Generic.Dictionary`2[[System.String, mscorlib],[OverhaulMod.Content.Personalization.FavoriteColorSettings, OverhaulMod]], mscorlib"}}},"hideIfNoPreset":true},"UniqueIndex":1,"NextUniqueIndex":0},{"$type":"OverhaulMod.Content.Personalization.PersonalizationEditorObjectInfo, OverhaulMod","PositionArray":{"$type":"System.Single[], mscorlib","$values":[-1.47,0.2,0.0]},"EulerAnglesArray":{"$type":"System.Single[], mscorlib","$values":[0.0,90.0,0.0]},"ScaleArray":{"$type":"System.Single[], mscorlib","$values":[0.005,0.005,0.005]},"Name":"Fire particles (Hammer)","Path":"FireParticles_Hammer","IsRoot":false,"Children":{"$type":"System.Collections.Generic.List`1[[OverhaulMod.Content.Personalization.PersonalizationEditorObjectInfo, OverhaulMod]], mscorlib","$values":[]},"PropertyValues":{"$type":"System.Collections.Generic.Dictionary`2[[System.String, mscorlib],[System.Object, mscorlib]], mscorlib","enableIfWeaponVariant":2},"UniqueIndex":2,"NextUniqueIndex":0},{"$type":"OverhaulMod.Content.Personalization.PersonalizationEditorObjectInfo, OverhaulMod","PositionArray":{"$type":"System.Single[], mscorlib","$values":[-1.54,-0.23,0.0]},"EulerAnglesArray":{"$type":"System.Single[], mscorlib","$values":[0.0,90.0,0.0]},"ScaleArray":{"$type":"System.Single[], mscorlib","$values":[0.005,0.005,0.005]},"Name":"Fire particles (Hammer)","Path":"FireParticles_Hammer","IsRoot":false,"Children":{"$type":"System.Collections.Generic.List`1[[OverhaulMod.Content.Personalization.PersonalizationEditorObjectInfo, OverhaulMod]], mscorlib","$values":[]},"PropertyValues":{"$type":"System.Collections.Generic.Dictionary`2[[System.String, mscorlib],[System.Object, mscorlib]], mscorlib","enableIfWeaponVariant":2},"UniqueIndex":5,"NextUniqueIndex":0},{"$type":"OverhaulMod.Content.Personalization.PersonalizationEditorObjectInfo, OverhaulMod","PositionArray":{"$type":"System.Single[], mscorlib","$values":[2.426,0.385,-0.06]},"EulerAnglesArray":{"$type":"System.Single[], mscorlib","$values":[0.0,180.0,0.0]},"ScaleArray":{"$type":"System.Single[], mscorlib","$values":[0.01,0.01,0.002]},"Name":"Fire particles (Spear)","Path":"FireParticles_Spear","IsRoot":false,"Children":{"$type":"System.Collections.Generic.List`1[[OverhaulMod.Content.Personalization.PersonalizationEditorObjectInfo, OverhaulMod]], mscorlib","$values":[]},"PropertyValues":{"$type":"System.Collections.Generic.Dictionary`2[[System.String, mscorlib],[System.Object, mscorlib]], mscorlib","enableIfWeaponVariant":2},"UniqueIndex":6,"NextUniqueIndex":0}]},"PropertyValues":{"$type":"System.Collections.Generic.Dictionary`2[[System.String, mscorlib],[System.Object, mscorlib]], mscorlib"},"UniqueIndex":0,"NextUniqueIndex":6},"Offsets":{"$type":"OverhaulMod.Content.Personalization.PersonalizationItemOffsetList, OverhaulMod"}}