{"$type":"OverhaulMod.Content.Personalization.PersonalizationItemInfo, OverhaulMod","Name":"DragonBlade Katana","Description":"No description provided.","IsSentForVerification":false,"IsVerified":true,"ReuploadedTheItem":false,"ItemID":"305cc3a6-4d60-4c2e-acbb-414c8a9eaa74","EditorID":"76561198842741733","Authors":{"$type":"System.Collections.Generic.List`1[[System.String, mscorlib]], mscorlib","$values":["kitt™"]},"ExclusiveFor_V2":{"$type":"System.Collections.Generic.List`1[[OverhaulMod.Content.Personalization.PersonalizationItemLockInfo, OverhaulMod]], mscorlib","$values":[]},"Category":1,"Weapon":1,"HideBowStrings":false,"BowStringsWidth":1.0,"OverrideParent":null,"BodyPartName":"Head","Version":0,"RootObject":{"$type":"OverhaulMod.Content.Personalization.PersonalizationEditorObjectInfo, OverhaulMod","PositionArray":{"$type":"System.Single[], mscorlib","$values":[0.0,0.0,0.0]},"EulerAnglesArray":{"$type":"System.Single[], mscorlib","$values":[0.0,0.0,0.0]},"ScaleArray":{"$type":"System.Single[], mscorlib","$values":[1.0,1.0,1.0]},"Name":"Root","Path":"Empty","IsRoot":true,"Children":{"$type":"System.Collections.Generic.List`1[[OverhaulMod.Content.Personalization.PersonalizationEditorObjectInfo, OverhaulMod]], mscorlib","$values":[{"$type":"OverhaulMod.Content.Personalization.PersonalizationEditorObjectInfo, OverhaulMod","PositionArray":{"$type":"System.Single[], mscorlib","$values":[0.0,0.0,1.11]},"EulerAnglesArray":{"$type":"System.Single[], mscorlib","$values":[0.0,271.0,270.0]},"ScaleArray":{"$type":"System.Single[], mscorlib","$values":[1.0,1.0,1.0]},"Name":"Model Renderer (.vox)","Path":"Volume","IsRoot":false,"Children":{"$type":"System.Collections.Generic.List`1[[OverhaulMod.Content.Personalization.PersonalizationEditorObjectInfo, OverhaulMod]], mscorlib","$values":[]},"PropertyValues":{"$type":"System.Collections.Generic.Dictionary`2[[System.String, mscorlib],[System.Object, mscorlib]], mscorlib","volumeSettingPresets":{"$type":"System.Collections.Generic.Dictionary`2[[OverhaulMod.Engine.WeaponVariant2, OverhaulMod],[OverhaulMod.Content.Personalization.VolumeSettingsPreset, OverhaulMod]], mscorlib","Normal":{"$type":"OverhaulMod.Content.Personalization.VolumeSettingsPreset, OverhaulMod","VoxFilePath":"305cc3a6_DragonBladeKatana\\files\\dragonblade katana.vox","VoxelSize":0.0255,"CenterPivot":true,"ColorReplacements":"1F1F1FFF-1F1F1FFF|212121FF-212121FF|FCE4A0FF-FCE4A0FF|292929FF-292929FF|838383FF-838383FF|868686FF-868686EB|8D8D8DFF-8D8D8DEB|818181FF-818181EB|7E7E7EFF-7E7E7EE9|FF3838FF-FF383867|000000FF-000000F7|BC3F19FF-BC3F19ED|FF0000FF-FF0000D7|F0BC3CFF-F0BC3CFF|A5A5A5FF-A5A5A59F","ReplaceWithFavoriteColors":{"$type":"System.Collections.Generic.Dictionary`2[[System.String, mscorlib],[OverhaulMod.Content.Personalization.FavoriteColorSettings, OverhaulMod]], mscorlib"}},"OnFire":{"$type":"OverhaulMod.Content.Personalization.VolumeSettingsPreset, OverhaulMod","VoxFilePath":"305cc3a6_DragonBladeKatana\\files\\dragonblade katana.vox","VoxelSize":0.0255,"CenterPivot":true,"ColorReplacements":"1F1F1FFF-1F1F1FFF|212121FF-212121FF|FCE4A0FF-FCE4A0FF|292929FF-292929FF|838383FF-838383FF|868686FF-868686EB|8D8D8DFF-8D8D8DEB|818181FF-818181EB|7E7E7EFF-7B7E7EE9|FF3838FF-FF383867|000000FF-000000F7|BC3F19FF-BC3F19ED|FF0000FF-FF0000D7|F0BC3CFF-F0BC3CFF|A5A5A5FF-A5A5A59F","ReplaceWithFavoriteColors":{"$type":"System.Collections.Generic.Dictionary`2[[System.String, mscorlib],[OverhaulMod.Content.Personalization.FavoriteColorSettings, OverhaulMod]], mscorlib"}},"NormalMultiplayer":{"$type":"OverhaulMod.Content.Personalization.VolumeSettingsPreset, OverhaulMod","VoxFilePath":"305cc3a6_DragonBladeKatana\\files\\dragonblade katana.vox","VoxelSize":0.0255,"CenterPivot":true,"ColorReplacements":"1F1F1FFF-1F1F1FFF|212121FF-212121FF|FCE4A0FF-FCE4A0FF|292929FF-292929FF|838383FF-838383FF|868686FF-868686EB|8D8D8DFF-8D8D8DEB|818181FF-818181EB|7E7E7EFF-7B7E7EE9|FF3838FF-FF383867|000000FF-000000F7|BC3F19FF-BC3F19ED|FF0000FF-FF0000D7|F0BC3CFF-F0BC3CFF|A5A5A5FF-A5A5A59F","ReplaceWithFavoriteColors":{"$type":"System.Collections.Generic.Dictionary`2[[System.String, mscorlib],[OverhaulMod.Content.Personalization.FavoriteColorSettings, OverhaulMod]], mscorlib"}},"OnFireMultiplayer":{"$type":"OverhaulMod.Content.Personalization.VolumeSettingsPreset, OverhaulMod","VoxFilePath":"305cc3a6_DragonBladeKatana\\files\\dragonblade katana.vox","VoxelSize":0.0255,"CenterPivot":true,"ColorReplacements":"1F1F1FFF-1F1F1FFF|212121FF-212121FF|FCE4A0FF-FCE4A0FF|292929FF-292929FF|838383FF-838383FF|868686FF-868686EB|8D8D8DFF-8D8D8DEB|818181FF-818181EB|7E7E7EFF-7B7E7EE9|FF3838FF-FF383867|000000FF-000000F7|BC3F19FF-BC3F19ED|FF0000FF-FF0000D7|F0BC3CFF-F0BC3CFF|A5A5A5FF-A5A5A59F","ReplaceWithFavoriteColors":{"$type":"System.Collections.Generic.Dictionary`2[[System.String, mscorlib],[OverhaulMod.Content.Personalization.FavoriteColorSettings, OverhaulMod]], mscorlib"}}},"hideIfNoPreset":true},"UniqueIndex":1,"NextUniqueIndex":0},{"$type":"OverhaulMod.Content.Personalization.PersonalizationEditorObjectInfo, OverhaulMod","PositionArray":{"$type":"System.Single[], mscorlib","$values":[0.1,0.055,1.0]},"EulerAnglesArray":{"$type":"System.Single[], mscorlib","$values":[354.0,9.000001,9.000001]},"ScaleArray":{"$type":"System.Single[], mscorlib","$values":[0.005,0.005,0.005]},"Name":"Fire particles (Sword)","Path":"FireParticles_Sword","IsRoot":false,"Children":{"$type":"System.Collections.Generic.List`1[[OverhaulMod.Content.Personalization.PersonalizationEditorObjectInfo, OverhaulMod]], mscorlib","$values":[]},"PropertyValues":{"$type":"System.Collections.Generic.Dictionary`2[[System.String, mscorlib],[System.Object, mscorlib]], mscorlib","enableIfWeaponVariant":0,"color":"FF0000FF","enableSmoke":false},"UniqueIndex":2,"NextUniqueIndex":0},{"$type":"OverhaulMod.Content.Personalization.PersonalizationEditorObjectInfo, OverhaulMod","PositionArray":{"$type":"System.Single[], mscorlib","$values":[-0.1,0.0,0.5]},"EulerAnglesArray":{"$type":"System.Single[], mscorlib","$values":[9.0,9.0,0.0]},"ScaleArray":{"$type":"System.Single[], mscorlib","$values":[0.005,0.01,0.005]},"Name":"Fire particles (Sword)","Path":"FireParticles_Sword","IsRoot":false,"Children":{"$type":"System.Collections.Generic.List`1[[OverhaulMod.Content.Personalization.PersonalizationEditorObjectInfo, OverhaulMod]], mscorlib","$values":[]},"PropertyValues":{"$type":"System.Collections.Generic.Dictionary`2[[System.String, mscorlib],[System.Object, mscorlib]], mscorlib","color":"FF0000FF","enableSmoke":false},"UniqueIndex":5,"NextUniqueIndex":0},{"$type":"OverhaulMod.Content.Personalization.PersonalizationEditorObjectInfo, OverhaulMod","PositionArray":{"$type":"System.Single[], mscorlib","$values":[0.0,0.05,1.7]},"EulerAnglesArray":{"$type":"System.Single[], mscorlib","$values":[9.000003,2.00000048,90.0]},"ScaleArray":{"$type":"System.Single[], mscorlib","$values":[0.005,0.005,0.005]},"Name":"Fire particles (Sword)","Path":"FireParticles_Sword","IsRoot":false,"Children":{"$type":"System.Collections.Generic.List`1[[OverhaulMod.Content.Personalization.PersonalizationEditorObjectInfo, OverhaulMod]], mscorlib","$values":[]},"PropertyValues":{"$type":"System.Collections.Generic.Dictionary`2[[System.String, mscorlib],[System.Object, mscorlib]], mscorlib","color":"FF0000FF","enableSmoke":false},"UniqueIndex":6,"NextUniqueIndex":0},{"$type":"OverhaulMod.Content.Personalization.PersonalizationEditorObjectInfo, OverhaulMod","PositionArray":{"$type":"System.Single[], mscorlib","$values":[0.0,0.0,0.2]},"EulerAnglesArray":{"$type":"System.Single[], mscorlib","$values":[0.0,3.0,0.0]},"ScaleArray":{"$type":"System.Single[], mscorlib","$values":[0.013,0.014,0.014]},"Name":"Fire particles (Sword)","Path":"FireParticles_Sword","IsRoot":false,"Children":{"$type":"System.Collections.Generic.List`1[[OverhaulMod.Content.Personalization.PersonalizationEditorObjectInfo, OverhaulMod]], mscorlib","$values":[]},"PropertyValues":{"$type":"System.Collections.Generic.Dictionary`2[[System.String, mscorlib],[System.Object, mscorlib]], mscorlib","color":"1B43FFFF","enableSmoke":true,"enableIfWeaponVariant":2},"UniqueIndex":7,"NextUniqueIndex":0},{"$type":"OverhaulMod.Content.Personalization.PersonalizationEditorObjectInfo, OverhaulMod","PositionArray":{"$type":"System.Single[], mscorlib","$values":[0.0,0.0,0.2]},"EulerAnglesArray":{"$type":"System.Single[], mscorlib","$values":[0.0,3.0,0.0]},"ScaleArray":{"$type":"System.Single[], mscorlib","$values":[0.01,0.01,0.01]},"Name":"Fire particles (Sword)","Path":"FireParticles_Sword","IsRoot":false,"Children":{"$type":"System.Collections.Generic.List`1[[OverhaulMod.Content.Personalization.PersonalizationEditorObjectInfo, OverhaulMod]], mscorlib","$values":[]},"PropertyValues":{"$type":"System.Collections.Generic.Dictionary`2[[System.String, mscorlib],[System.Object, mscorlib]], mscorlib","enableIfWeaponVariant":4,"color":"2457FFFF"},"UniqueIndex":8,"NextUniqueIndex":0}]},"PropertyValues":{"$type":"System.Collections.Generic.Dictionary`2[[System.String, mscorlib],[System.Object, mscorlib]], mscorlib"},"UniqueIndex":0,"NextUniqueIndex":8}}