{"$type":"OverhaulMod.Content.Personalization.PersonalizationItemInfo, OverhaulMod","Name":"Circuitron","Description":"No description provided.","IsSentForVerification":false,"IsVerified":true,"ReuploadedTheItem":false,"ItemID":"82aaec59-1f77-490d-9a66-b3ff55488a7d","EditorID":"76561198837816609","Authors":{"$type":"System.Collections.Generic.List`1[[System.String, mscorlib]], mscorlib","$values":["Anti-Organic_Dude"]},"ExclusiveFor_V2":{"$type":"System.Collections.Generic.List`1[[OverhaulMod.Content.Personalization.PersonalizationItemLockInfo, OverhaulMod]], mscorlib","$values":[]},"Category":1,"Weapon":1,"HideBowStrings":false,"BowStringsWidth":1.0,"OverrideParent":null,"BodyPartName":"Head","Version":0,"RootObject":{"$type":"OverhaulMod.Content.Personalization.PersonalizationEditorObjectInfo, OverhaulMod","PositionArray":{"$type":"System.Single[], mscorlib","$values":[0.0,0.0,0.0]},"EulerAnglesArray":{"$type":"System.Single[], mscorlib","$values":[0.0,0.0,0.0]},"ScaleArray":{"$type":"System.Single[], mscorlib","$values":[1.0,1.0,1.0]},"Name":"Root","Path":"Empty","IsRoot":true,"Children":{"$type":"System.Collections.Generic.List`1[[OverhaulMod.Content.Personalization.PersonalizationEditorObjectInfo, OverhaulMod]], mscorlib","$values":[{"$type":"OverhaulMod.Content.Personalization.PersonalizationEditorObjectInfo, OverhaulMod","PositionArray":{"$type":"System.Single[], mscorlib","$values":[0.0,0.0,-0.17]},"EulerAnglesArray":{"$type":"System.Single[], mscorlib","$values":[90.0,270.0,0.0]},"ScaleArray":{"$type":"System.Single[], mscorlib","$values":[0.5,0.5,0.5]},"Name":"Model Renderer (.cvm) [BETA]","Path":"CvmModel","IsRoot":false,"Children":{"$type":"System.Collections.Generic.List`1[[OverhaulMod.Content.Personalization.PersonalizationEditorObjectInfo, OverhaulMod]], mscorlib","$values":[]},"PropertyValues":{"$type":"System.Collections.Generic.Dictionary`2[[System.String, mscorlib],[System.Object, mscorlib]], mscorlib","presets":{"$type":"System.Collections.Generic.Dictionary`2[[OverhaulMod.Engine.WeaponVariant2, OverhaulMod],[OverhaulMod.Content.Personalization.CVMModelPreset, OverhaulMod]], mscorlib","Normal":{"$type":"OverhaulMod.Content.Personalization.CVMModelPreset, OverhaulMod","CvmFilePath":"82aaec59_CircuitronSword\\files\\Circuitron Sword1.cvm","Weapon":3,"Variant":1,"ReplaceColors":false,"ShowFireParticles":false},"OnFire":{"$type":"OverhaulMod.Content.Personalization.CVMModelPreset, OverhaulMod","CvmFilePath":"82aaec59_CircuitronSword\\files\\Circuitron Sword1.cvm","Weapon":3,"Variant":1,"ReplaceColors":false,"ShowFireParticles":false},"NormalMultiplayer":{"$type":"OverhaulMod.Content.Personalization.CVMModelPreset, OverhaulMod","CvmFilePath":"82aaec59_CircuitronSword\\files\\Circuitron Sword1.cvm","Weapon":3,"Variant":1,"ReplaceColors":false,"ShowFireParticles":false},"OnFireMultiplayer":{"$type":"OverhaulMod.Content.Personalization.CVMModelPreset, OverhaulMod","CvmFilePath":"82aaec59_CircuitronSword\\files\\Circuitron Sword1.cvm","Weapon":3,"Variant":1,"ReplaceColors":false,"ShowFireParticles":false}}},"UniqueIndex":5,"NextUniqueIndex":0},{"$type":"OverhaulMod.Content.Personalization.PersonalizationEditorObjectInfo, OverhaulMod","PositionArray":{"$type":"System.Single[], mscorlib","$values":[0.0,0.0,0.0]},"EulerAnglesArray":{"$type":"System.Single[], mscorlib","$values":[0.0,0.0,0.0]},"ScaleArray":{"$type":"System.Single[], mscorlib","$values":[0.5,0.5,0.5]},"Name":"Model Renderer (.cvm) [BETA]","Path":"CvmModel","IsRoot":false,"Children":{"$type":"System.Collections.Generic.List`1[[OverhaulMod.Content.Personalization.PersonalizationEditorObjectInfo, OverhaulMod]], mscorlib","$values":[]},"PropertyValues":{"$type":"System.Collections.Generic.Dictionary`2[[System.String, mscorlib],[System.Object, mscorlib]], mscorlib","presets":{"$type":"System.Collections.Generic.Dictionary`2[[OverhaulMod.Engine.WeaponVariant2, OverhaulMod],[OverhaulMod.Content.Personalization.CVMModelPreset, OverhaulMod]], mscorlib","Normal":{"$type":"OverhaulMod.Content.Personalization.CVMModelPreset, OverhaulMod","CvmFilePath":"82aaec59_CircuitronSword\\files\\Circuitron Sword2.cvm","Weapon":1,"Variant":3,"ReplaceColors":false,"ShowFireParticles":false},"OnFire":{"$type":"OverhaulMod.Content.Personalization.CVMModelPreset, OverhaulMod","CvmFilePath":"82aaec59_CircuitronSword\\files\\Circuitron Sword2.cvm","Weapon":1,"Variant":3,"ReplaceColors":false,"ShowFireParticles":false},"NormalMultiplayer":{"$type":"OverhaulMod.Content.Personalization.CVMModelPreset, OverhaulMod","CvmFilePath":"82aaec59_CircuitronSword\\files\\Circuitron Sword2.cvm","Weapon":1,"Variant":3,"ReplaceColors":false,"ShowFireParticles":false},"OnFireMultiplayer":{"$type":"OverhaulMod.Content.Personalization.CVMModelPreset, OverhaulMod","CvmFilePath":"82aaec59_CircuitronSword\\files\\Circuitron Sword2.cvm","Weapon":1,"Variant":3,"ReplaceColors":false,"ShowFireParticles":false}}},"UniqueIndex":6,"NextUniqueIndex":0},{"$type":"OverhaulMod.Content.Personalization.PersonalizationEditorObjectInfo, OverhaulMod","PositionArray":{"$type":"System.Single[], mscorlib","$values":[0.0,0.0,0.92]},"EulerAnglesArray":{"$type":"System.Single[], mscorlib","$values":[0.0,0.0,0.0]},"ScaleArray":{"$type":"System.Single[], mscorlib","$values":[0.5,0.5,0.63]},"Name":"Model Renderer (.cvm) [BETA]","Path":"CvmModel","IsRoot":false,"Children":{"$type":"System.Collections.Generic.List`1[[OverhaulMod.Content.Personalization.PersonalizationEditorObjectInfo, OverhaulMod]], mscorlib","$values":[]},"PropertyValues":{"$type":"System.Collections.Generic.Dictionary`2[[System.String, mscorlib],[System.Object, mscorlib]], mscorlib","presets":{"$type":"System.Collections.Generic.Dictionary`2[[OverhaulMod.Engine.WeaponVariant2, OverhaulMod],[OverhaulMod.Content.Personalization.CVMModelPreset, OverhaulMod]], mscorlib","Normal":{"$type":"OverhaulMod.Content.Personalization.CVMModelPreset, OverhaulMod","CvmFilePath":"82aaec59_CircuitronSword\\files\\Circuitron Sword1.cvm","Weapon":1,"Variant":3,"ReplaceColors":false,"ShowFireParticles":false},"OnFire":{"$type":"OverhaulMod.Content.Personalization.CVMModelPreset, OverhaulMod","CvmFilePath":"82aaec59_CircuitronSword\\files\\Circuitron Sword2.cvm","Weapon":1,"Variant":3,"ReplaceColors":false,"ShowFireParticles":false},"NormalMultiplayer":{"$type":"OverhaulMod.Content.Personalization.CVMModelPreset, OverhaulMod","CvmFilePath":"82aaec59_CircuitronSword\\files\\Circuitron Sword1.cvm","Weapon":1,"Variant":3,"ReplaceColors":false,"ShowFireParticles":false},"OnFireMultiplayer":{"$type":"OverhaulMod.Content.Personalization.CVMModelPreset, OverhaulMod","CvmFilePath":"82aaec59_CircuitronSword\\files\\Circuitron Sword1.cvm","Weapon":1,"Variant":3,"ReplaceColors":false,"ShowFireParticles":false}}},"UniqueIndex":7,"NextUniqueIndex":0},{"$type":"OverhaulMod.Content.Personalization.PersonalizationEditorObjectInfo, OverhaulMod","PositionArray":{"$type":"System.Single[], mscorlib","$values":[0.2,0.0,0.0]},"EulerAnglesArray":{"$type":"System.Single[], mscorlib","$values":[0.0,0.0,0.0]},"ScaleArray":{"$type":"System.Single[], mscorlib","$values":[0.5,0.5,0.5]},"Name":"Model Renderer (.cvm) [BETA]","Path":"CvmModel","IsRoot":false,"Children":{"$type":"System.Collections.Generic.List`1[[OverhaulMod.Content.Personalization.PersonalizationEditorObjectInfo, OverhaulMod]], mscorlib","$values":[]},"PropertyValues":{"$type":"System.Collections.Generic.Dictionary`2[[System.String, mscorlib],[System.Object, mscorlib]], mscorlib","presets":{"$type":"System.Collections.Generic.Dictionary`2[[OverhaulMod.Engine.WeaponVariant2, OverhaulMod],[OverhaulMod.Content.Personalization.CVMModelPreset, OverhaulMod]], mscorlib","Normal":{"$type":"OverhaulMod.Content.Personalization.CVMModelPreset, OverhaulMod","CvmFilePath":"82aaec59_CircuitronSword\\files\\Circuitron Sword2.cvm","Weapon":1,"Variant":3,"ReplaceColors":false,"ShowFireParticles":false},"OnFire":{"$type":"OverhaulMod.Content.Personalization.CVMModelPreset, OverhaulMod","CvmFilePath":"82aaec59_CircuitronSword\\files\\Circuitron Sword1.cvm","Weapon":1,"Variant":3,"ReplaceColors":false,"ShowFireParticles":false},"NormalMultiplayer":{"$type":"OverhaulMod.Content.Personalization.CVMModelPreset, OverhaulMod","CvmFilePath":"82aaec59_CircuitronSword\\files\\Circuitron Sword2.cvm","Weapon":1,"Variant":3,"ReplaceColors":false,"ShowFireParticles":false},"OnFireMultiplayer":{"$type":"OverhaulMod.Content.Personalization.CVMModelPreset, OverhaulMod","CvmFilePath":"82aaec59_CircuitronSword\\files\\Circuitron Sword2.cvm","Weapon":1,"Variant":3,"ReplaceColors":false,"ShowFireParticles":false}}},"UniqueIndex":8,"NextUniqueIndex":0},{"$type":"OverhaulMod.Content.Personalization.PersonalizationEditorObjectInfo, OverhaulMod","PositionArray":{"$type":"System.Single[], mscorlib","$values":[0.0,0.0,0.92]},"EulerAnglesArray":{"$type":"System.Single[], mscorlib","$values":[0.0,0.0,180.0]},"ScaleArray":{"$type":"System.Single[], mscorlib","$values":[0.5,0.5,0.63]},"Name":"Model Renderer (.cvm) [BETA]","Path":"CvmModel","IsRoot":false,"Children":{"$type":"System.Collections.Generic.List`1[[OverhaulMod.Content.Personalization.PersonalizationEditorObjectInfo, OverhaulMod]], mscorlib","$values":[]},"PropertyValues":{"$type":"System.Collections.Generic.Dictionary`2[[System.String, mscorlib],[System.Object, mscorlib]], mscorlib","presets":{"$type":"System.Collections.Generic.Dictionary`2[[OverhaulMod.Engine.WeaponVariant2, OverhaulMod],[OverhaulMod.Content.Personalization.CVMModelPreset, OverhaulMod]], mscorlib","Normal":{"$type":"OverhaulMod.Content.Personalization.CVMModelPreset, OverhaulMod","CvmFilePath":"82aaec59_CircuitronSword\\files\\Circuitron Sword1.cvm","Weapon":1,"Variant":3,"ReplaceColors":false,"ShowFireParticles":false},"OnFire":{"$type":"OverhaulMod.Content.Personalization.CVMModelPreset, OverhaulMod","CvmFilePath":"82aaec59_CircuitronSword\\files\\Circuitron Sword1.cvm","Weapon":1,"Variant":3,"ReplaceColors":false,"ShowFireParticles":false},"NormalMultiplayer":{"$type":"OverhaulMod.Content.Personalization.CVMModelPreset, OverhaulMod","CvmFilePath":"82aaec59_CircuitronSword\\files\\Circuitron Sword1.cvm","Weapon":1,"Variant":3,"ReplaceColors":false,"ShowFireParticles":false},"OnFireMultiplayer":{"$type":"OverhaulMod.Content.Personalization.CVMModelPreset, OverhaulMod","CvmFilePath":"82aaec59_CircuitronSword\\files\\Circuitron Sword1.cvm","Weapon":1,"Variant":3,"ReplaceColors":false,"ShowFireParticles":false}}},"UniqueIndex":9,"NextUniqueIndex":0},{"$type":"OverhaulMod.Content.Personalization.PersonalizationEditorObjectInfo, OverhaulMod","PositionArray":{"$type":"System.Single[], mscorlib","$values":[0.0,0.0,0.3]},"EulerAnglesArray":{"$type":"System.Single[], mscorlib","$values":[0.0,0.0,0.0]},"ScaleArray":{"$type":"System.Single[], mscorlib","$values":[0.006,0.005,0.018]},"Name":"Fire particles (Spear)","Path":"FireParticles_Spear","IsRoot":false,"Children":{"$type":"System.Collections.Generic.List`1[[OverhaulMod.Content.Personalization.PersonalizationEditorObjectInfo, OverhaulMod]], mscorlib","$values":[]},"PropertyValues":{"$type":"System.Collections.Generic.Dictionary`2[[System.String, mscorlib],[System.Object, mscorlib]], mscorlib","color":"FFFF00FF","enableIfWeaponVariant":2},"UniqueIndex":12,"NextUniqueIndex":0},{"$type":"OverhaulMod.Content.Personalization.PersonalizationEditorObjectInfo, OverhaulMod","PositionArray":{"$type":"System.Single[], mscorlib","$values":[0.0,0.0,0.3]},"EulerAnglesArray":{"$type":"System.Single[], mscorlib","$values":[0.0,0.0,0.0]},"ScaleArray":{"$type":"System.Single[], mscorlib","$values":[0.006,0.005,0.018]},"Name":"Fire particles (Spear)","Path":"FireParticles_Spear","IsRoot":false,"Children":{"$type":"System.Collections.Generic.List`1[[OverhaulMod.Content.Personalization.PersonalizationEditorObjectInfo, OverhaulMod]], mscorlib","$values":[]},"PropertyValues":{"$type":"System.Collections.Generic.Dictionary`2[[System.String, mscorlib],[System.Object, mscorlib]], mscorlib","enableIfWeaponVariant":4,"color":"FFFF00FF"},"UniqueIndex":13,"NextUniqueIndex":0}]},"PropertyValues":{"$type":"System.Collections.Generic.Dictionary`2[[System.String, mscorlib],[System.Object, mscorlib]], mscorlib"},"UniqueIndex":0,"NextUniqueIndex":13},"Offsets":{"$type":"OverhaulMod.Content.Personalization.PersonalizationItemOffsetList, OverhaulMod"}}