{"$type":"OverhaulMod.Content.Personalization.PersonalizationItemInfo, OverhaulMod","Name":"Titan Cameraman Hammer","Description":"No description provided.","IsSentForVerification":false,"IsVerified":true,"ReuploadedTheItem":false,"ItemID":"01794982-1bb2-48e6-ade0-29e784b1f5f9","EditorID":"76561199028311109","Authors":{"$type":"System.Collections.Generic.List`1[[System.String, mscorlib]], mscorlib","$values":["meowgodofkill"]},"ExclusiveFor_V2":{"$type":"System.Collections.Generic.List`1[[OverhaulMod.Content.Personalization.PersonalizationItemLockInfo, OverhaulMod]], mscorlib","$values":[{"$type":"OverhaulMod.Content.Personalization.PersonalizationItemLockInfo, OverhaulMod","PlayerNickname":"A TVCat","PlayerPlayFabID":"883CC7F4CA3155A3","PlayerSteamID":76561199028311109,"PlayerDiscordUserID":0},{"$type":"OverhaulMod.Content.Personalization.PersonalizationItemLockInfo, OverhaulMod","PlayerNickname":null,"PlayerPlayFabID":"FEA5A0978276D0FB","PlayerSteamID":0,"PlayerDiscordUserID":0}]},"Category":1,"Weapon":3,"HideBowStrings":false,"BowStringsWidth":1.0,"OverrideParent":null,"BodyPartName":"Head","Version":0,"RootObject":{"$type":"OverhaulMod.Content.Personalization.PersonalizationEditorObjectInfo, OverhaulMod","PositionArray":{"$type":"System.Single[], mscorlib","$values":[0.0,0.0,0.0]},"EulerAnglesArray":{"$type":"System.Single[], mscorlib","$values":[0.0,0.0,0.0]},"ScaleArray":{"$type":"System.Single[], mscorlib","$values":[1.0,1.0,1.0]},"Name":"Root","Path":"Empty","IsRoot":true,"Children":{"$type":"System.Collections.Generic.List`1[[OverhaulMod.Content.Personalization.PersonalizationEditorObjectInfo, OverhaulMod]], mscorlib","$values":[{"$type":"OverhaulMod.Content.Personalization.PersonalizationEditorObjectInfo, OverhaulMod","PositionArray":{"$type":"System.Single[], mscorlib","$values":[2.2,0.1,0.0]},"EulerAnglesArray":{"$type":"System.Single[], mscorlib","$values":[0.0,0.0,270.0]},"ScaleArray":{"$type":"System.Single[], mscorlib","$values":[0.25,0.25,0.25]},"Name":"Model Renderer (.vox)","Path":"Volume","IsRoot":false,"Children":{"$type":"System.Collections.Generic.List`1[[OverhaulMod.Content.Personalization.PersonalizationEditorObjectInfo, OverhaulMod]], mscorlib","$values":[]},"PropertyValues":{"$type":"System.Collections.Generic.Dictionary`2[[System.String, mscorlib],[System.Object, mscorlib]], mscorlib","volumeSettingPresets":{"$type":"System.Collections.Generic.Dictionary`2[[OverhaulMod.Engine.WeaponVariant, OverhaulMod],[OverhaulMod.Content.Personalization.VolumeSettingsPreset, OverhaulMod]], mscorlib","Normal":{"$type":"OverhaulMod.Content.Personalization.VolumeSettingsPreset, OverhaulMod","VoxFilePath":"TitanCameramanHammer\\files\\cameraman_hammer.vox","VoxelSize":0.1,"CenterPivot":true,"ColorReplacements":"4A4D4DFF-4A4D4DFF|A7ACB0FF-A7ACB0FF|0063C6FF-0063C6FF|4076FFFF-4076FFFF|25356DFF-25356DFF|626967FF-626967FF|02CCFFFF-02CCFFFF|000000FF-000000FF|4B4B4BFF-4B4B4BFF","ReplaceWithFavoriteColors":{"$type":"System.Collections.Generic.Dictionary`2[[System.String, mscorlib],[OverhaulMod.Content.Personalization.FavoriteColorSettings, OverhaulMod]], mscorlib"}},"OnFire":{"$type":"OverhaulMod.Content.Personalization.VolumeSettingsPreset, OverhaulMod","VoxFilePath":"TitanCameramanHammer\\files\\cameraman_hammer.vox","VoxelSize":0.1,"CenterPivot":true,"ColorReplacements":"4A4D4DFF-9D5C1DC9|A7ACB0FF-A35A13C5|0063C6FF-76400EA6|4076FFFF-FF891EA6|25356DFF-3D2107A6|626967FF-32270ECC|02CCFFFF-FF891EA6|000000FF-FFAA34B5|4B4B4BFF-4B3534FF","ReplaceWithFavoriteColors":{"$type":"System.Collections.Generic.Dictionary`2[[System.String, mscorlib],[OverhaulMod.Content.Personalization.FavoriteColorSettings, OverhaulMod]], mscorlib"}}}},"UniqueIndex":1,"NextUniqueIndex":0},{"$type":"OverhaulMod.Content.Personalization.PersonalizationEditorObjectInfo, OverhaulMod","PositionArray":{"$type":"System.Single[], mscorlib","$values":[0.262,0.015,0.0]},"EulerAnglesArray":{"$type":"System.Single[], mscorlib","$values":[0.0,0.0,270.0]},"ScaleArray":{"$type":"System.Single[], mscorlib","$values":[0.5,0.5,0.5]},"Name":"Model Renderer (.vox)","Path":"Volume","IsRoot":false,"Children":{"$type":"System.Collections.Generic.List`1[[OverhaulMod.Content.Personalization.PersonalizationEditorObjectInfo, OverhaulMod]], mscorlib","$values":[]},"PropertyValues":{"$type":"System.Collections.Generic.Dictionary`2[[System.String, mscorlib],[System.Object, mscorlib]], mscorlib","volumeSettingPresets":{"$type":"System.Collections.Generic.Dictionary`2[[OverhaulMod.Engine.WeaponVariant, OverhaulMod],[OverhaulMod.Content.Personalization.VolumeSettingsPreset, OverhaulMod]], mscorlib","Normal":{"$type":"OverhaulMod.Content.Personalization.VolumeSettingsPreset, OverhaulMod","VoxFilePath":"TitanCameramanHammer\\files\\cameraman_hammer_handle.vox","VoxelSize":0.1,"CenterPivot":true,"ColorReplacements":"4076FFFF-4076FFFF|0063C6FF-0063C6FF|A7ACB0FF-A7ACB0FF|4A4D4DFF-4A4D4DFF|626967FF-626967FF|25356DFF-25356DFF","ReplaceWithFavoriteColors":{"$type":"System.Collections.Generic.Dictionary`2[[System.String, mscorlib],[OverhaulMod.Content.Personalization.FavoriteColorSettings, OverhaulMod]], mscorlib"}},"OnFire":{"$type":"OverhaulMod.Content.Personalization.VolumeSettingsPreset, OverhaulMod","VoxFilePath":"TitanCameramanHammer\\files\\cameraman_hammer_handle.vox","VoxelSize":0.1,"CenterPivot":true,"ColorReplacements":"4076FFFF-FF891EE1|4A4D4DFF-4A4D4DFF|626967FF-694E42FF|A7ACB0FF-A35A13C5|0063C6FF-76400EA6","ReplaceWithFavoriteColors":{"$type":"System.Collections.Generic.Dictionary`2[[System.String, mscorlib],[OverhaulMod.Content.Personalization.FavoriteColorSettings, OverhaulMod]], mscorlib"}}}},"UniqueIndex":2,"NextUniqueIndex":0},{"$type":"OverhaulMod.Content.Personalization.PersonalizationEditorObjectInfo, OverhaulMod","PositionArray":{"$type":"System.Single[], mscorlib","$values":[2.1,1.2,0.0]},"EulerAnglesArray":{"$type":"System.Single[], mscorlib","$values":[0.0,90.0,0.0]},"ScaleArray":{"$type":"System.Single[], mscorlib","$values":[0.01,0.01,0.01]},"Name":"Fire particles (Hammer)","Path":"FireParticles_Hammer","IsRoot":false,"Children":{"$type":"System.Collections.Generic.List`1[[OverhaulMod.Content.Personalization.PersonalizationEditorObjectInfo, OverhaulMod]], mscorlib","$values":[]},"PropertyValues":{"$type":"System.Collections.Generic.Dictionary`2[[System.String, mscorlib],[System.Object, mscorlib]], mscorlib","enableIfWeaponVariant":2},"UniqueIndex":3,"NextUniqueIndex":0},{"$type":"OverhaulMod.Content.Personalization.PersonalizationEditorObjectInfo, OverhaulMod","PositionArray":{"$type":"System.Single[], mscorlib","$values":[2.1,1.0,0.0]},"EulerAnglesArray":{"$type":"System.Single[], mscorlib","$values":[0.0,0.0,0.0]},"ScaleArray":{"$type":"System.Single[], mscorlib","$values":[0.007,0.007,0.007]},"Name":"Fire particles (Hammer)","Path":"FireParticles_Hammer","IsRoot":false,"Children":{"$type":"System.Collections.Generic.List`1[[OverhaulMod.Content.Personalization.PersonalizationEditorObjectInfo, OverhaulMod]], mscorlib","$values":[]},"PropertyValues":{"$type":"System.Collections.Generic.Dictionary`2[[System.String, mscorlib],[System.Object, mscorlib]], mscorlib","enableIfWeaponVariant":1,"color":"0046FFFF","enableSmoke":false},"UniqueIndex":4,"NextUniqueIndex":0}]},"PropertyValues":{"$type":"System.Collections.Generic.Dictionary`2[[System.String, mscorlib],[System.Object, mscorlib]], mscorlib"},"UniqueIndex":0,"NextUniqueIndex":4}}