{"$type":"OverhaulMod.Content.Personalization.PersonalizationItemInfo, OverhaulMod","Name":"Swordblo 3","Description":"No description provided.","IsSentForVerification":false,"IsVerified":true,"ReuploadedTheItem":false,"ItemID":"9980035b-3bc6-414a-b399-054bacd8969c","EditorID":"76561198067288394","Authors":{"$type":"System.Collections.Generic.List`1[[System.String, mscorlib]], mscorlib","$values":["Desmoverse"]},"ExclusiveFor_V2":{"$type":"System.Collections.Generic.List`1[[OverhaulMod.Content.Personalization.PersonalizationItemLockInfo, OverhaulMod]], mscorlib","$values":[]},"Category":1,"Weapon":1,"HideBowStrings":false,"BowStringsWidth":1.0,"OverrideParent":null,"BodyPartName":"Head","Version":0,"RootObject":{"$type":"OverhaulMod.Content.Personalization.PersonalizationEditorObjectInfo, OverhaulMod","PositionArray":{"$type":"System.Single[], mscorlib","$values":[0.0,0.0,0.0]},"EulerAnglesArray":{"$type":"System.Single[], mscorlib","$values":[0.0,0.0,0.0]},"ScaleArray":{"$type":"System.Single[], mscorlib","$values":[1.0,1.0,1.0]},"Name":"Root","Path":"Empty","IsRoot":true,"Children":{"$type":"System.Collections.Generic.List`1[[OverhaulMod.Content.Personalization.PersonalizationEditorObjectInfo, OverhaulMod]], mscorlib","$values":[{"$type":"OverhaulMod.Content.Personalization.PersonalizationEditorObjectInfo, OverhaulMod","PositionArray":{"$type":"System.Single[], mscorlib","$values":[0.0,0.0,0.93]},"EulerAnglesArray":{"$type":"System.Single[], mscorlib","$values":[0.0,180.0,0.0]},"ScaleArray":{"$type":"System.Single[], mscorlib","$values":[0.5,0.5,0.75]},"Name":"Model Renderer (.vox)","Path":"Volume","IsRoot":false,"Children":{"$type":"System.Collections.Generic.List`1[[OverhaulMod.Content.Personalization.PersonalizationEditorObjectInfo, OverhaulMod]], mscorlib","$values":[]},"PropertyValues":{"$type":"System.Collections.Generic.Dictionary`2[[System.String, mscorlib],[System.Object, mscorlib]], mscorlib","volumeSettingPresets":{"$type":"System.Collections.Generic.Dictionary`2[[OverhaulMod.Engine.WeaponVariant2, OverhaulMod],[OverhaulMod.Content.Personalization.VolumeSettingsPreset, OverhaulMod]], mscorlib","Normal":{"$type":"OverhaulMod.Content.Personalization.VolumeSettingsPreset, OverhaulMod","VoxFilePath":"9980035b\\files\\ieat.vox","VoxelSize":0.1,"CenterPivot":true,"ColorReplacements":"FF9933FF-FF9933FF|444444FF-444444FF|222222FF-222222FF|111111FF-111111FF|777777FF-777777FF|AAAAAAFF-AAAAAAFF|555555FF-555555FF","ReplaceWithFavoriteColors":{"$type":"System.Collections.Generic.Dictionary`2[[System.String, mscorlib],[OverhaulMod.Content.Personalization.FavoriteColorSettings, OverhaulMod]], mscorlib","FF9933FF":{"$type":"OverhaulMod.Content.Personalization.FavoriteColorSettings, OverhaulMod","SaturationMultiplier":0.7,"BrightnessMultiplier":1.0,"GlowPercent":0.18}}},"OnFire":{"$type":"OverhaulMod.Content.Personalization.VolumeSettingsPreset, OverhaulMod","VoxFilePath":"9980035b\\files\\ieat.vox","VoxelSize":0.1,"CenterPivot":true,"ColorReplacements":"FF9933FF-FF9933FF|444444FF-444444FF|222222FF-222222FF|111111FF-111111FF|777777FF-777777FF|AAAAAAFF-AAAAAAFF|555555FF-555555FF","ReplaceWithFavoriteColors":{"$type":"System.Collections.Generic.Dictionary`2[[System.String, mscorlib],[OverhaulMod.Content.Personalization.FavoriteColorSettings, OverhaulMod]], mscorlib","FF9933FF":{"$type":"OverhaulMod.Content.Personalization.FavoriteColorSettings, OverhaulMod","SaturationMultiplier":0.7,"BrightnessMultiplier":1.0,"GlowPercent":0.31}}},"NormalMultiplayer":{"$type":"OverhaulMod.Content.Personalization.VolumeSettingsPreset, OverhaulMod","VoxFilePath":"9980035b\\files\\ieat33.vox","VoxelSize":0.1,"CenterPivot":true,"ColorReplacements":"FF9933FF-FF9933FF|111111FF-111111FF|222222FF-222222FF|444444FF-444444FF|777777FF-777777FF|555555FF-555555FF","ReplaceWithFavoriteColors":{"$type":"System.Collections.Generic.Dictionary`2[[System.String, mscorlib],[OverhaulMod.Content.Personalization.FavoriteColorSettings, OverhaulMod]], mscorlib","FF9933FF":{"$type":"OverhaulMod.Content.Personalization.FavoriteColorSettings, OverhaulMod","SaturationMultiplier":0.7,"BrightnessMultiplier":1.0,"GlowPercent":0.18}}},"OnFireMultiplayer":{"$type":"OverhaulMod.Content.Personalization.VolumeSettingsPreset, OverhaulMod","VoxFilePath":"9980035b\\files\\ieat33.vox","VoxelSize":0.1,"CenterPivot":true,"ColorReplacements":"FF9933FF-FF9933FF|111111FF-111111FF|222222FF-222222FF|444444FF-444444FF|777777FF-777777FF|555555FF-555555FF","ReplaceWithFavoriteColors":{"$type":"System.Collections.Generic.Dictionary`2[[System.String, mscorlib],[OverhaulMod.Content.Personalization.FavoriteColorSettings, OverhaulMod]], mscorlib","FF9933FF":{"$type":"OverhaulMod.Content.Personalization.FavoriteColorSettings, OverhaulMod","SaturationMultiplier":0.7,"BrightnessMultiplier":1.0,"GlowPercent":0.3}}}}},"UniqueIndex":1,"NextUniqueIndex":0},{"$type":"OverhaulMod.Content.Personalization.PersonalizationEditorObjectInfo, OverhaulMod","PositionArray":{"$type":"System.Single[], mscorlib","$values":[-0.135,0.0,0.0]},"EulerAnglesArray":{"$type":"System.Single[], mscorlib","$values":[0.0,0.0,0.0]},"ScaleArray":{"$type":"System.Single[], mscorlib","$values":[0.003,0.003,0.009]},"Name":"Fire particles (Sword)","Path":"FireParticles_Sword","IsRoot":false,"Children":{"$type":"System.Collections.Generic.List`1[[OverhaulMod.Content.Personalization.PersonalizationEditorObjectInfo, OverhaulMod]], mscorlib","$values":[]},"PropertyValues":{"$type":"System.Collections.Generic.Dictionary`2[[System.String, mscorlib],[System.Object, mscorlib]], mscorlib","enableIfWeaponVariant":2,"applyFavoriteColor":true,"favoriteColorHueOffset":0.1,"favoriteColorBrightness":1.0,"favoriteColorSaturation":0.0491929427,"enableSmoke":false},"UniqueIndex":2,"NextUniqueIndex":0},{"$type":"OverhaulMod.Content.Personalization.PersonalizationEditorObjectInfo, OverhaulMod","PositionArray":{"$type":"System.Single[], mscorlib","$values":[0.0,0.0,0.5]},"EulerAnglesArray":{"$type":"System.Single[], mscorlib","$values":[0.0,0.0,0.0]},"ScaleArray":{"$type":"System.Single[], mscorlib","$values":[0.01,0.01,0.01]},"Name":"Fire particles (Sword)","Path":"FireParticles_Sword","IsRoot":false,"Children":{"$type":"System.Collections.Generic.List`1[[OverhaulMod.Content.Personalization.PersonalizationEditorObjectInfo, OverhaulMod]], mscorlib","$values":[]},"PropertyValues":{"$type":"System.Collections.Generic.Dictionary`2[[System.String, mscorlib],[System.Object, mscorlib]], mscorlib","enableIfWeaponVariant":4},"UniqueIndex":3,"NextUniqueIndex":0}]},"PropertyValues":{"$type":"System.Collections.Generic.Dictionary`2[[System.String, mscorlib],[System.Object, mscorlib]], mscorlib"},"UniqueIndex":0,"NextUniqueIndex":3},"Offsets":{"$type":"OverhaulMod.Content.Personalization.PersonalizationItemOffsetList, OverhaulMod"}}