{"$type":"OverhaulMod.Content.Personalization.PersonalizationItemInfo, OverhaulMod","Name":"Mimicry","Description":"The yearning to imitate the human form is sloppily reflected on the E.G.O, as if it were a reminder that it should remain a mere desire.\r\nWhen the unfamiliar and otherworldly eyes stare at you, you will feel a chill up your spine. If pushed to the limit, one can wield it.\r\n\r\nIt can deliver a powerful downswing that should be impossible for a human.","IsSentForVerification":false,"IsVerified":true,"ItemID":"de8dda0e-2ab5-406f-abbc-b08d8c720022","EditorID":"76561198121855404","Authors":{"$type":"System.Collections.Generic.List`1[[System.String, mscorlib]], mscorlib","$values":["merkk","legendary_goose_"]},"ExclusiveFor_V2":{"$type":"System.Collections.Generic.List`1[[OverhaulMod.Content.Personalization.PersonalizationItemLockInfo, OverhaulMod]], mscorlib","$values":[]},"Category":1,"Weapon":1,"HideBowStrings":false,"BowStringsWidth":1.0,"OverrideParent":null,"BodyPartName":"Head","Version":1,"RootObject":{"$type":"OverhaulMod.Content.Personalization.PersonalizationEditorObjectInfo, OverhaulMod","PositionArray":{"$type":"System.Single[], mscorlib","$values":[0.0,0.0,0.0]},"EulerAnglesArray":{"$type":"System.Single[], mscorlib","$values":[0.0,0.0,0.0]},"ScaleArray":{"$type":"System.Single[], mscorlib","$values":[1.0,1.0,1.0]},"Name":"Root","Path":"Empty","IsRoot":true,"Children":{"$type":"System.Collections.Generic.List`1[[OverhaulMod.Content.Personalization.PersonalizationEditorObjectInfo, OverhaulMod]], mscorlib","$values":[{"$type":"OverhaulMod.Content.Personalization.PersonalizationEditorObjectInfo, OverhaulMod","PositionArray":{"$type":"System.Single[], mscorlib","$values":[0.0,0.0,1.0]},"EulerAnglesArray":{"$type":"System.Single[], mscorlib","$values":[0.0,90.0,90.0]},"ScaleArray":{"$type":"System.Single[], mscorlib","$values":[1.0,1.0,1.0]},"Name":"Model Renderer (.vox)","Path":"Volume","IsRoot":false,"Children":{"$type":"System.Collections.Generic.List`1[[OverhaulMod.Content.Personalization.PersonalizationEditorObjectInfo, OverhaulMod]], mscorlib","$values":[]},"PropertyValues":{"$type":"System.Collections.Generic.Dictionary`2[[System.String, mscorlib],[System.Object, mscorlib]], mscorlib","volumeSettingPresets":{"$type":"System.Collections.Generic.Dictionary`2[[OverhaulMod.Engine.WeaponVariant, OverhaulMod],[OverhaulMod.Content.Personalization.VolumeSettingsPreset, OverhaulMod]], mscorlib","Normal":{"$type":"OverhaulMod.Content.Personalization.VolumeSettingsPreset, OverhaulMod","VoxFilePath":"Mimicry\\files\\Boner.vox","VoxelSize":0.029,"CenterPivot":true,"ColorReplacements":"574B48FF-574B48FF|4B403EFF-4B403EFF|AF9D90FF-AF9D90FF|951F20FF-951F20FF|4A1216FF-4A1216FF|4B1616FF-4B1616FF|502623FF-502623FF|272727FF-272727FF|DED0CDFF-DED0CDFF|482E5AFF-482E5AFF|733B98FF-733B98FF|3B9D74FF-3B9D74FF|44B487FF-44B487FF|3F6088FF-3F6088FF|4C75A4FF-4C75A4FF","ReplaceWithFavoriteColors":{"$type":"System.Collections.Generic.Dictionary`2[[System.String, mscorlib],[OverhaulMod.Content.Personalization.FavoriteColorSettings, OverhaulMod]], mscorlib"}},"OnFire":{"$type":"OverhaulMod.Content.Personalization.VolumeSettingsPreset, OverhaulMod","VoxFilePath":"Mimicry\\files\\Boner.vox","VoxelSize":0.029,"CenterPivot":true,"ColorReplacements":"574B48FF-DC4B48CC|4B403EFF-DF403EE0|AF9D90FF-AF9D90FF|951F20FF-951F20FF|4A1216FF-4A1216FF|4B1616FF-4B1616FF|502623FF-502623FF|272727FF-272727FF|DED0CDFF-FFD0CDF3|482E5AFF-482E5AE5|733B98FF-733B98DF|3B9D74FF-3B9D74E0|44B487FF-44B487DF|3F6088FF-3F6088E1|4C75A4FF-0075A4DF","ReplaceWithFavoriteColors":{"$type":"System.Collections.Generic.Dictionary`2[[System.String, mscorlib],[OverhaulMod.Content.Personalization.FavoriteColorSettings, OverhaulMod]], mscorlib"}}},"hideIfNoPreset":false},"UniqueIndex":1,"NextUniqueIndex":0}]},"PropertyValues":{"$type":"System.Collections.Generic.Dictionary`2[[System.String, mscorlib],[System.Object, mscorlib]], mscorlib"},"UniqueIndex":0,"NextUniqueIndex":4}}