{"$type":"OverhaulMod.Content.Personalization.PersonalizationItemInfo, OverhaulMod","Name":"Lucy the Axe","Description":"lucy from dont starve made after the terraria version","IsSentForVerification":false,"IsVerified":true,"ReuploadedTheItem":false,"ItemID":"808f51bc-65d8-4c93-9249-baaa233196eb","EditorID":"76561199184921474","Authors":{"$type":"System.Collections.Generic.List`1[[System.String, mscorlib]], mscorlib","$values":["BlackGhost"]},"ExclusiveFor_V2":{"$type":"System.Collections.Generic.List`1[[OverhaulMod.Content.Personalization.PersonalizationItemLockInfo, OverhaulMod]], mscorlib","$values":[]},"Category":1,"Weapon":3,"HideBowStrings":false,"BowStringsWidth":1.0,"OverrideParent":null,"BodyPartName":"Head","Version":1,"RootObject":{"$type":"OverhaulMod.Content.Personalization.PersonalizationEditorObjectInfo, OverhaulMod","PositionArray":{"$type":"System.Single[], mscorlib","$values":[0.0,0.0,0.0]},"EulerAnglesArray":{"$type":"System.Single[], mscorlib","$values":[0.0,0.0,0.0]},"ScaleArray":{"$type":"System.Single[], mscorlib","$values":[1.0,1.0,1.0]},"Name":"Root","Path":"Empty","IsRoot":true,"Children":{"$type":"System.Collections.Generic.List`1[[OverhaulMod.Content.Personalization.PersonalizationEditorObjectInfo, OverhaulMod]], mscorlib","$values":[{"$type":"OverhaulMod.Content.Personalization.PersonalizationEditorObjectInfo, OverhaulMod","PositionArray":{"$type":"System.Single[], mscorlib","$values":[1.0,0.1,-0.01]},"EulerAnglesArray":{"$type":"System.Single[], mscorlib","$values":[0.0,0.0,315.0]},"ScaleArray":{"$type":"System.Single[], mscorlib","$values":[1.0,1.0,1.0]},"Name":"Model Renderer (.vox)","Path":"Volume","IsRoot":false,"Children":{"$type":"System.Collections.Generic.List`1[[OverhaulMod.Content.Personalization.PersonalizationEditorObjectInfo, OverhaulMod]], mscorlib","$values":[]},"PropertyValues":{"$type":"System.Collections.Generic.Dictionary`2[[System.String, mscorlib],[System.Object, mscorlib]], mscorlib","volumeSettingPresets":{"$type":"System.Collections.Generic.Dictionary`2[[OverhaulMod.Engine.WeaponVariant, OverhaulMod],[OverhaulMod.Content.Personalization.VolumeSettingsPreset, OverhaulMod]], mscorlib","Normal":{"$type":"OverhaulMod.Content.Personalization.VolumeSettingsPreset, OverhaulMod","VoxFilePath":"808f51bc_LucyTheAxe\\files\\Lucy.vox","VoxelSize":0.1,"CenterPivot":true,"ColorReplacements":"470D0CFF-470D0CF1|292535FF-292535F1|7D2936FF-7D2936F3|343022FF-343022F3|514A34FF-514A34F3|8E7848FF-8E7848F1|A7925BFF-A7925BF1|454153FF-454153F3|6F6D79FF-6F6D79F3|8D8C94FF-8D8C94F1|A5A6A5FF-A5A6A5F3|DADCE8FF-DADCE8F1|AA3F3CFF-AA3F3CF1|B5BDB5FF-B5BDB5F1","ReplaceWithFavoriteColors":{"$type":"System.Collections.Generic.Dictionary`2[[System.String, mscorlib],[OverhaulMod.Content.Personalization.FavoriteColorSettings, OverhaulMod]], mscorlib"}},"OnFire":{"$type":"OverhaulMod.Content.Personalization.VolumeSettingsPreset, OverhaulMod","VoxFilePath":"808f51bc_LucyTheAxe\\files\\Lucy.vox","VoxelSize":0.1,"CenterPivot":true,"ColorReplacements":"292535FF-F04800C3|454153FF-F04800A2|6F6D79FF-F04800CA|8D8C94FF-F04800D3|A5A6A5FF-F04800D7|470D0CFF-470D0CF1|7D2936FF-7D2936F3|DADCE8FF-F04800C8|AA3F3CFF-AA3F3CF1|B5BDB5FF-F04800CD|343022FF-343022F3|8E7848FF-8E7848F1|A7925BFF-A7925BF1|514A34FF-514A34F3","ReplaceWithFavoriteColors":{"$type":"System.Collections.Generic.Dictionary`2[[System.String, mscorlib],[OverhaulMod.Content.Personalization.FavoriteColorSettings, OverhaulMod]], mscorlib"}}}},"UniqueIndex":1,"NextUniqueIndex":0}]},"PropertyValues":{"$type":"System.Collections.Generic.Dictionary`2[[System.String, mscorlib],[System.Object, mscorlib]], mscorlib"},"UniqueIndex":0,"NextUniqueIndex":3},"Offsets":{"$type":"OverhaulMod.Content.Personalization.PersonalizationItemOffsetList, OverhaulMod"}}