{"$type":"OverhaulMod.Content.Personalization.PersonalizationItemInfo, OverhaulMod","Name":"Flying Dragon","Description":"Flying dragon from terraria","IsSentForVerification":false,"IsVerified":true,"ReuploadedTheItem":false,"ItemID":"198d4310-4e39-4922-9d5b-278f47e2a634","EditorID":"76561199184921474","Authors":{"$type":"System.Collections.Generic.List`1[[System.String, mscorlib]], mscorlib","$values":["BlackGhost"]},"ExclusiveFor_V2":{"$type":"System.Collections.Generic.List`1[[OverhaulMod.Content.Personalization.PersonalizationItemLockInfo, OverhaulMod]], mscorlib","$values":[]},"Category":1,"Weapon":1,"HideBowStrings":false,"BowStringsWidth":1.0,"OverrideParent":null,"BodyPartName":"Head","Version":0,"RootObject":{"$type":"OverhaulMod.Content.Personalization.PersonalizationEditorObjectInfo, OverhaulMod","PositionArray":{"$type":"System.Single[], mscorlib","$values":[0.0,0.0,0.0]},"EulerAnglesArray":{"$type":"System.Single[], mscorlib","$values":[0.0,0.0,0.0]},"ScaleArray":{"$type":"System.Single[], mscorlib","$values":[1.0,1.0,1.0]},"Name":"Root","Path":"Empty","IsRoot":true,"Children":{"$type":"System.Collections.Generic.List`1[[OverhaulMod.Content.Personalization.PersonalizationEditorObjectInfo, OverhaulMod]], mscorlib","$values":[{"$type":"OverhaulMod.Content.Personalization.PersonalizationEditorObjectInfo, OverhaulMod","PositionArray":{"$type":"System.Single[], mscorlib","$values":[0.0,0.0,0.8]},"EulerAnglesArray":{"$type":"System.Single[], mscorlib","$values":[0.0,320.0,270.0]},"ScaleArray":{"$type":"System.Single[], mscorlib","$values":[0.7,0.7,0.7]},"Name":"Model Renderer (.vox)","Path":"Volume","IsRoot":false,"Children":{"$type":"System.Collections.Generic.List`1[[OverhaulMod.Content.Personalization.PersonalizationEditorObjectInfo, OverhaulMod]], mscorlib","$values":[]},"PropertyValues":{"$type":"System.Collections.Generic.Dictionary`2[[System.String, mscorlib],[System.Object, mscorlib]], mscorlib","volumeSettingPresets":{"$type":"System.Collections.Generic.Dictionary`2[[OverhaulMod.Engine.WeaponVariant, OverhaulMod],[OverhaulMod.Content.Personalization.VolumeSettingsPreset, OverhaulMod]], mscorlib","Normal":{"$type":"OverhaulMod.Content.Personalization.VolumeSettingsPreset, OverhaulMod","VoxFilePath":"198d4310_FlyingDragon\\files\\Flying Dragon.vox","VoxelSize":0.1,"CenterPivot":true,"ColorReplacements":"320720FF-320720F3|510F20FF-510F20F3|B32C51FF-B32C51F1|5A2E29FF-5A2E29F1|F49E9DFF-F49E9DF1|C77474FF-C77474F1|E75B0FFF-E75B0FF3|FFD777FF-FFD777F1|390F38FF-390F38F3|D0434CFF-D0434CF1|863691FF-863691F3|995DC1FF-995DC1F4|891A35FF-891A35F3|4F2D12FF-4F2D12F3|722F7EFF-722F7EF1|450D40FF-450D40F1|4A0B15FF-4A0B15F3|31061DFF-31061DF1|CC453AFF-CC453AF1|FFCA5AFF-FFCA5AF1|FFFEB6FF-FFFEB6F1|5C165AFF-5C165AF1|C54944FF-C54944F1|A32538FF-A32538F1|600B24FF-600B24F3|5B2897FF-5B2897F3|AA2332FF-AA2332F3|95306CFF-95306CF3|A95080FF-A95080F1","ReplaceWithFavoriteColors":{"$type":"System.Collections.Generic.Dictionary`2[[System.String, mscorlib],[OverhaulMod.Content.Personalization.FavoriteColorSettings, OverhaulMod]], mscorlib"}},"OnFire":{"$type":"OverhaulMod.Content.Personalization.VolumeSettingsPreset, OverhaulMod","VoxFilePath":"198d4310_FlyingDragon\\files\\Flying Dragon.vox","VoxelSize":0.1,"CenterPivot":true,"ColorReplacements":"320720FF-320720F3|510F20FF-510F20F3|B32C51FF-B32C51F1|5A2E29FF-5A2E29F1|F49E9DFF-F49E9DF1|C77474FF-C77474F1|E75B0FFF-E75B0FE7|FFD777FF-FFD777E6|390F38FF-390F38F3|D0434CFF-D0434CF1|863691FF-863691F3|995DC1FF-995DC1F4|891A35FF-891A35F3|4F2D12FF-4F2D12F3|722F7EFF-722F7EF1|450D40FF-450D40F1|4A0B15FF-4A0B15F3|31061DFF-31061DF1|CC453AFF-CC453AE5|FFCA5AFF-FFCA5AE5|FFFEB6FF-FFFEB6E5|5C165AFF-5C165AF1|C54944FF-C54944E5|A32538FF-A32538F1|600B24FF-600B24F3|5B2897FF-5B2897F3|AA2332FF-AA2332F3|95306CFF-95306CF3|6C143BFF-6C143BFF|A95080FF-A95080F1","ReplaceWithFavoriteColors":{"$type":"System.Collections.Generic.Dictionary`2[[System.String, mscorlib],[OverhaulMod.Content.Personalization.FavoriteColorSettings, OverhaulMod]], mscorlib"}}},"hideIfNoPreset":true,"enableIfWeaponVariant":0},"UniqueIndex":1,"NextUniqueIndex":0},{"$type":"OverhaulMod.Content.Personalization.PersonalizationEditorObjectInfo, OverhaulMod","PositionArray":{"$type":"System.Single[], mscorlib","$values":[-0.1,0.0,0.5]},"EulerAnglesArray":{"$type":"System.Single[], mscorlib","$values":[0.0,0.0,0.0]},"ScaleArray":{"$type":"System.Single[], mscorlib","$values":[0.015,0.01,0.01]},"Name":"Fire particles (Sword)","Path":"FireParticles_Sword","IsRoot":false,"Children":{"$type":"System.Collections.Generic.List`1[[OverhaulMod.Content.Personalization.PersonalizationEditorObjectInfo, OverhaulMod]], mscorlib","$values":[]},"PropertyValues":{"$type":"System.Collections.Generic.Dictionary`2[[System.String, mscorlib],[System.Object, mscorlib]], mscorlib","enableIfWeaponVariant":2,"enableSmoke":true,"applyFavoriteColor":false,"color":"FFFFFFFF"},"UniqueIndex":2,"NextUniqueIndex":0},{"$type":"OverhaulMod.Content.Personalization.PersonalizationEditorObjectInfo, OverhaulMod","PositionArray":{"$type":"System.Single[], mscorlib","$values":[-0.1,0.0,0.5]},"EulerAnglesArray":{"$type":"System.Single[], mscorlib","$values":[0.0,0.0,0.0]},"ScaleArray":{"$type":"System.Single[], mscorlib","$values":[0.015,0.01,0.01]},"Name":"Fire particles (Sword)","Path":"FireParticles_Sword","IsRoot":false,"Children":{"$type":"System.Collections.Generic.List`1[[OverhaulMod.Content.Personalization.PersonalizationEditorObjectInfo, OverhaulMod]], mscorlib","$values":[]},"PropertyValues":{"$type":"System.Collections.Generic.Dictionary`2[[System.String, mscorlib],[System.Object, mscorlib]], mscorlib","enableIfWeaponVariant":4},"UniqueIndex":6,"NextUniqueIndex":0},{"$type":"OverhaulMod.Content.Personalization.PersonalizationEditorObjectInfo, OverhaulMod","PositionArray":{"$type":"System.Single[], mscorlib","$values":[0.1,0.0,1.0]},"EulerAnglesArray":{"$type":"System.Single[], mscorlib","$values":[0.0,320.0,270.0]},"ScaleArray":{"$type":"System.Single[], mscorlib","$values":[0.7,0.7,0.7]},"Name":"Model Renderer (.vox)","Path":"Volume","IsRoot":false,"Children":{"$type":"System.Collections.Generic.List`1[[OverhaulMod.Content.Personalization.PersonalizationEditorObjectInfo, OverhaulMod]], mscorlib","$values":[]},"PropertyValues":{"$type":"System.Collections.Generic.Dictionary`2[[System.String, mscorlib],[System.Object, mscorlib]], mscorlib","volumeSettingPresets":{"$type":"System.Collections.Generic.Dictionary`2[[OverhaulMod.Engine.WeaponVariant, OverhaulMod],[OverhaulMod.Content.Personalization.VolumeSettingsPreset, OverhaulMod]], mscorlib","NormalMultiplayer":{"$type":"OverhaulMod.Content.Personalization.VolumeSettingsPreset, OverhaulMod","VoxFilePath":"198d4310_FlyingDragon\\files\\Flying Dragon.vox","VoxelSize":0.11,"CenterPivot":true,"ColorReplacements":"320720FF-320720F3|510F20FF-510F20F3|B32C51FF-B32C51F1|5A2E29FF-5A2E29F1|F49E9DFF-F49E9DF1|C77474FF-C77474F1|E75B0FFF-E75B0FF3|FFD777FF-FFD777F1|390F38FF-390F38F3|D0434CFF-D0434CF1|863691FF-863691F3|995DC1FF-995DC1F4|891A35FF-891A35F3|4F2D12FF-4F2D12F3|722F7EFF-722F7EF1|450D40FF-450D40F1|4A0B15FF-4A0B15F3|31061DFF-31061DF1|CC453AFF-CC453AF1|FFCA5AFF-FFCA5AF1|FFFEB6FF-FFFEB6F1|5C165AFF-5C165AF1|C54944FF-C54944F1|A32538FF-A32538F1|600B24FF-600B24F3|5B2897FF-5B2897F3|AA2332FF-AA2332F3|95306CFF-95306CF3|6C143BFF-6C143BFF|A95080FF-A95080F1","ReplaceWithFavoriteColors":{"$type":"System.Collections.Generic.Dictionary`2[[System.String, mscorlib],[OverhaulMod.Content.Personalization.FavoriteColorSettings, OverhaulMod]], mscorlib"}},"OnFireMultiplayer":{"$type":"OverhaulMod.Content.Personalization.VolumeSettingsPreset, OverhaulMod","VoxFilePath":"198d4310_FlyingDragon\\files\\Flying Dragon.vox","VoxelSize":0.11,"CenterPivot":true,"ColorReplacements":"320720FF-320720F3|510F20FF-510F20F3|B32C51FF-B32C51F1|5A2E29FF-5A2E29F1|F49E9DFF-F49E9DF1|C77474FF-C77474F1|E75B0FFF-E75B0FE7|FFD777FF-FFD777E6|390F38FF-390F38F3|D0434CFF-D0434CF1|863691FF-863691F3|995DC1FF-995DC1F4|891A35FF-891A35F3|4F2D12FF-4F2D12F3|722F7EFF-722F7EF1|450D40FF-450D40F1|4A0B15FF-4A0B15F3|31061DFF-31061DF1|CC453AFF-CC453AE5|FFCA5AFF-FFCA5AE5|FFFEB6FF-FFFEB6E5|5C165AFF-5C165AF1|C54944FF-C54944E5|A32538FF-A32538F1|600B24FF-600B24F3|5B2897FF-5B2897F3|AA2332FF-AA2332F3|95306CFF-95306CF3|6C143BFF-6C143BFF|A95080FF-A95080F1","ReplaceWithFavoriteColors":{"$type":"System.Collections.Generic.Dictionary`2[[System.String, mscorlib],[OverhaulMod.Content.Personalization.FavoriteColorSettings, OverhaulMod]], mscorlib"}}},"hideIfNoPreset":true},"UniqueIndex":7,"NextUniqueIndex":0}]},"PropertyValues":{"$type":"System.Collections.Generic.Dictionary`2[[System.String, mscorlib],[System.Object, mscorlib]], mscorlib"},"UniqueIndex":0,"NextUniqueIndex":7},"Offsets":{"$type":"OverhaulMod.Content.Personalization.PersonalizationItemOffsetList, OverhaulMod"}}