{"$type":"OverhaulMod.Content.Personalization.PersonalizationItemInfo, OverhaulMod","Name":"Beam Saber Black Ops Ver","Description":"A Custom Beam Saber.","IsSentForVerification":false,"IsVerified":true,"ReuploadedTheItem":false,"ItemID":"9bbe94fd-a5d1-4913-97b4-7dbdad554bfe","EditorID":"76561198382213221","Authors":{"$type":"System.Collections.Generic.List`1[[System.String, mscorlib]], mscorlib","$values":["Analysis Bot ☯ Emperor Axolotl"]},"ExclusiveFor_V2":{"$type":"System.Collections.Generic.List`1[[OverhaulMod.Content.Personalization.PersonalizationItemLockInfo, OverhaulMod]], mscorlib","$values":[{"$type":"OverhaulMod.Content.Personalization.PersonalizationItemLockInfo, OverhaulMod","PlayerNickname":"Analysis Bot ☯ Emperor Axolotl","PlayerPlayFabID":"399DFA7D78D56AF7","PlayerSteamID":76561198382213221,"PlayerDiscordUserID":0}]},"Category":1,"Weapon":1,"HideBowStrings":false,"BowStringsWidth":1.0,"OverrideParent":null,"BodyPartName":"Head","Version":0,"RootObject":{"$type":"OverhaulMod.Content.Personalization.PersonalizationEditorObjectInfo, OverhaulMod","PositionArray":{"$type":"System.Single[], mscorlib","$values":[0.0,0.0,0.0]},"EulerAnglesArray":{"$type":"System.Single[], mscorlib","$values":[0.0,0.0,0.0]},"ScaleArray":{"$type":"System.Single[], mscorlib","$values":[1.0,1.0,1.0]},"Name":"Root","Path":"Empty","IsRoot":true,"Children":{"$type":"System.Collections.Generic.List`1[[OverhaulMod.Content.Personalization.PersonalizationEditorObjectInfo, OverhaulMod]], mscorlib","$values":[{"$type":"OverhaulMod.Content.Personalization.PersonalizationEditorObjectInfo, OverhaulMod","PositionArray":{"$type":"System.Single[], mscorlib","$values":[0.0,0.0,0.0]},"EulerAnglesArray":{"$type":"System.Single[], mscorlib","$values":[0.0,0.0,0.0]},"ScaleArray":{"$type":"System.Single[], mscorlib","$values":[1.0,1.0,1.0]},"Name":"Model Renderer (.cvm) [BETA]","Path":"CvmModel","IsRoot":false,"Children":{"$type":"System.Collections.Generic.List`1[[OverhaulMod.Content.Personalization.PersonalizationEditorObjectInfo, OverhaulMod]], mscorlib","$values":[]},"PropertyValues":{"$type":"System.Collections.Generic.Dictionary`2[[System.String, mscorlib],[System.Object, mscorlib]], mscorlib","presets":{"$type":"System.Collections.Generic.Dictionary`2[[OverhaulMod.Engine.WeaponVariant2, OverhaulMod],[OverhaulMod.Content.Personalization.CVMModelPreset, OverhaulMod]], mscorlib","Normal":{"$type":"OverhaulMod.Content.Personalization.CVMModelPreset, OverhaulMod","CvmFilePath":"9bbe94fd_BeamSaberBlackOpsVer\\files\\Gundam Sword.cvm","Weapon":1,"Variant":1,"ReplaceColors":false,"ShowFireParticles":false},"OnFire":{"$type":"OverhaulMod.Content.Personalization.CVMModelPreset, OverhaulMod","CvmFilePath":"9bbe94fd_BeamSaberBlackOpsVer\\files\\Gundam Sword.cvm","Weapon":1,"Variant":1,"ReplaceColors":false,"ShowFireParticles":false},"NormalMultiplayer":{"$type":"OverhaulMod.Content.Personalization.CVMModelPreset, OverhaulMod","CvmFilePath":"9bbe94fd_BeamSaberBlackOpsVer\\files\\Gundam Sword.cvm","Weapon":1,"Variant":1,"ReplaceColors":false,"ShowFireParticles":false},"OnFireMultiplayer":{"$type":"OverhaulMod.Content.Personalization.CVMModelPreset, OverhaulMod","CvmFilePath":"9bbe94fd_BeamSaberBlackOpsVer\\files\\Gundam Sword.cvm","Weapon":1,"Variant":1,"ReplaceColors":false,"ShowFireParticles":false}}},"UniqueIndex":1,"NextUniqueIndex":0},{"$type":"OverhaulMod.Content.Personalization.PersonalizationEditorObjectInfo, OverhaulMod","PositionArray":{"$type":"System.Single[], mscorlib","$values":[0.0,0.0,0.0]},"EulerAnglesArray":{"$type":"System.Single[], mscorlib","$values":[0.0,0.0,0.0]},"ScaleArray":{"$type":"System.Single[], mscorlib","$values":[0.01,0.01,0.015]},"Name":"Fire particles (Sword)","Path":"FireParticles_Sword","IsRoot":false,"Children":{"$type":"System.Collections.Generic.List`1[[OverhaulMod.Content.Personalization.PersonalizationEditorObjectInfo, OverhaulMod]], mscorlib","$values":[]},"PropertyValues":{"$type":"System.Collections.Generic.Dictionary`2[[System.String, mscorlib],[System.Object, mscorlib]], mscorlib","color":"0C28FFFF","enableSmoke":false,"enableIfWeaponVariant":2},"UniqueIndex":2,"NextUniqueIndex":0},{"$type":"OverhaulMod.Content.Personalization.PersonalizationEditorObjectInfo, OverhaulMod","PositionArray":{"$type":"System.Single[], mscorlib","$values":[0.0,0.0,0.0]},"EulerAnglesArray":{"$type":"System.Single[], mscorlib","$values":[0.0,0.0,0.0]},"ScaleArray":{"$type":"System.Single[], mscorlib","$values":[0.01,0.01,0.01]},"Name":"Fire particles (Sword)","Path":"FireParticles_Sword","IsRoot":false,"Children":{"$type":"System.Collections.Generic.List`1[[OverhaulMod.Content.Personalization.PersonalizationEditorObjectInfo, OverhaulMod]], mscorlib","$values":[]},"PropertyValues":{"$type":"System.Collections.Generic.Dictionary`2[[System.String, mscorlib],[System.Object, mscorlib]], mscorlib","color":"0C28FFFF","enableSmoke":false,"enableIfWeaponVariant":2},"UniqueIndex":3,"NextUniqueIndex":0},{"$type":"OverhaulMod.Content.Personalization.PersonalizationEditorObjectInfo, OverhaulMod","PositionArray":{"$type":"System.Single[], mscorlib","$values":[0.0,0.0,0.0]},"EulerAnglesArray":{"$type":"System.Single[], mscorlib","$values":[0.0,0.0,0.0]},"ScaleArray":{"$type":"System.Single[], mscorlib","$values":[0.01,0.01,0.01]},"Name":"Fire particles (Sword)","Path":"FireParticles_Sword","IsRoot":false,"Children":{"$type":"System.Collections.Generic.List`1[[OverhaulMod.Content.Personalization.PersonalizationEditorObjectInfo, OverhaulMod]], mscorlib","$values":[]},"PropertyValues":{"$type":"System.Collections.Generic.Dictionary`2[[System.String, mscorlib],[System.Object, mscorlib]], mscorlib","color":"0C28FFFF","enableSmoke":false,"enableIfWeaponVariant":4},"UniqueIndex":4,"NextUniqueIndex":0},{"$type":"OverhaulMod.Content.Personalization.PersonalizationEditorObjectInfo, OverhaulMod","PositionArray":{"$type":"System.Single[], mscorlib","$values":[0.0,0.0,0.0]},"EulerAnglesArray":{"$type":"System.Single[], mscorlib","$values":[0.0,0.0,0.0]},"ScaleArray":{"$type":"System.Single[], mscorlib","$values":[0.01,0.01,0.01]},"Name":"Fire particles (Sword)","Path":"FireParticles_Sword","IsRoot":false,"Children":{"$type":"System.Collections.Generic.List`1[[OverhaulMod.Content.Personalization.PersonalizationEditorObjectInfo, OverhaulMod]], mscorlib","$values":[]},"PropertyValues":{"$type":"System.Collections.Generic.Dictionary`2[[System.String, mscorlib],[System.Object, mscorlib]], mscorlib","color":"0C28FFFF","enableSmoke":false,"enableIfWeaponVariant":4},"UniqueIndex":5,"NextUniqueIndex":0}]},"PropertyValues":{"$type":"System.Collections.Generic.Dictionary`2[[System.String, mscorlib],[System.Object, mscorlib]], mscorlib"},"UniqueIndex":0,"NextUniqueIndex":5}}