{"$type":"OverhaulMod.Content.Personalization.PersonalizationItemInfo, OverhaulMod","Name":"GO || EotS","Description":"Set includes: \nGuardian's Oath || Execution of the Sun","IsSentForVerification":false,"IsVerified":false,"ReuploadedTheItem":false,"ItemID":"9a88c891-ed9c-4d27-b38a-fc9f54a6b5de","EditorID":"76561199016525187","Authors":{"$type":"System.Collections.Generic.List`1[[System.String, mscorlib]], mscorlib","$values":["Moon i7 {KCotM}"]},"ExclusiveFor_V2":{"$type":"System.Collections.Generic.List`1[[OverhaulMod.Content.Personalization.PersonalizationItemLockInfo, OverhaulMod]], mscorlib","$values":[{"$type":"OverhaulMod.Content.Personalization.PersonalizationItemLockInfo, OverhaulMod","PlayerNickname":"Moon i7 {KCotM}","PlayerPlayFabID":"92D692591B47584E","PlayerSteamID":76561199016525187,"PlayerDiscordUserID":0}]},"Category":1,"Weapon":1,"HideBowStrings":false,"BowStringsWidth":1.0,"OverrideParent":null,"BodyPartName":"Head","Version":0,"RootObject":{"$type":"OverhaulMod.Content.Personalization.PersonalizationEditorObjectInfo, OverhaulMod","PositionArray":{"$type":"System.Single[], mscorlib","$values":[0.0,0.0,0.0]},"EulerAnglesArray":{"$type":"System.Single[], mscorlib","$values":[0.0,0.0,0.0]},"ScaleArray":{"$type":"System.Single[], mscorlib","$values":[1.0,1.0,1.0]},"Name":"Root","Path":"Empty","IsRoot":true,"Children":{"$type":"System.Collections.Generic.List`1[[OverhaulMod.Content.Personalization.PersonalizationEditorObjectInfo, OverhaulMod]], mscorlib","$values":[{"$type":"OverhaulMod.Content.Personalization.PersonalizationEditorObjectInfo, OverhaulMod","PositionArray":{"$type":"System.Single[], mscorlib","$values":[-0.2,0.0,1.6]},"EulerAnglesArray":{"$type":"System.Single[], mscorlib","$values":[90.0,354.999969,0.0]},"ScaleArray":{"$type":"System.Single[], mscorlib","$values":[0.9,0.8,1.0]},"Name":"Model Renderer (.vox)","Path":"Volume","IsRoot":false,"Children":{"$type":"System.Collections.Generic.List`1[[OverhaulMod.Content.Personalization.PersonalizationEditorObjectInfo, OverhaulMod]], mscorlib","$values":[]},"PropertyValues":{"$type":"System.Collections.Generic.Dictionary`2[[System.String, mscorlib],[System.Object, mscorlib]], mscorlib","volumeSettingPresets":{"$type":"System.Collections.Generic.Dictionary`2[[OverhaulMod.Engine.WeaponVariant2, OverhaulMod],[OverhaulMod.Content.Personalization.VolumeSettingsPreset, OverhaulMod]], mscorlib","Normal":{"$type":"OverhaulMod.Content.Personalization.VolumeSettingsPreset, OverhaulMod","VoxFilePath":"9a88c891\\files\\GO.vox","VoxelSize":0.04,"CenterPivot":true,"ColorReplacements":"111111FF-111111FF|222222FF-222222FF|000011FF-000011FF|FFCCFFFF-FFCCFF7F|EEEEEEFF-EEEEEE35|9900FFFF-8625FFE9|000022FF-000022FF|6600CCFF-C94CCCF6|9933FFFF-C043FFD9|CC66FFFF-CC66FFB4|CC99FFFF-CC99FF98|CC33FFFF-B744FFCC","ReplaceWithFavoriteColors":{"$type":"System.Collections.Generic.Dictionary`2[[System.String, mscorlib],[OverhaulMod.Content.Personalization.FavoriteColorSettings, OverhaulMod]], mscorlib"}},"OnFire":{"$type":"OverhaulMod.Content.Personalization.VolumeSettingsPreset, OverhaulMod","VoxFilePath":"9a88c891\\files\\GOf.vox","VoxelSize":0.04,"CenterPivot":true,"ColorReplacements":"111111FF-111111FF|222222FF-222222FF|3A3226FF-3A3226FF|64363CFF-64363CCB|EEEEEEFF-EEEEEE00|E8B647FF-E8B6474B|373C38FF-373C38FF|91AD70FF-DDFF00DA|D19826FF-D1982666|ED784AFF-ED784AB3|AF5F3CFF-AF5F3C99|F0A986FF-F0A98680","ReplaceWithFavoriteColors":{"$type":"System.Collections.Generic.Dictionary`2[[System.String, mscorlib],[OverhaulMod.Content.Personalization.FavoriteColorSettings, OverhaulMod]], mscorlib"}}},"hideIfNoPreset":true,"enableIfWeaponVariant":0},"UniqueIndex":1,"NextUniqueIndex":0},{"$type":"OverhaulMod.Content.Personalization.PersonalizationEditorObjectInfo, OverhaulMod","PositionArray":{"$type":"System.Single[], mscorlib","$values":[-0.35,0.0,3.0]},"EulerAnglesArray":{"$type":"System.Single[], mscorlib","$values":[0.0,0.0,0.0]},"ScaleArray":{"$type":"System.Single[], mscorlib","$values":[0.02,0.005,0.005]},"Name":"Fire particles (Sword)","Path":"FireParticles_Sword","IsRoot":false,"Children":{"$type":"System.Collections.Generic.List`1[[OverhaulMod.Content.Personalization.PersonalizationEditorObjectInfo, OverhaulMod]], mscorlib","$values":[]},"PropertyValues":{"$type":"System.Collections.Generic.Dictionary`2[[System.String, mscorlib],[System.Object, mscorlib]], mscorlib","enableIfWeaponVariant":2,"applyFavoriteColor":false,"color":"FFFF00FF","favoriteColorHueOffset":0.09,"favoriteColorBrightness":1.0,"favoriteColorSaturation":1.0,"enableSmoke":true},"UniqueIndex":2,"NextUniqueIndex":0},{"$type":"OverhaulMod.Content.Personalization.PersonalizationEditorObjectInfo, OverhaulMod","PositionArray":{"$type":"System.Single[], mscorlib","$values":[-0.2,0.0,1.6]},"EulerAnglesArray":{"$type":"System.Single[], mscorlib","$values":[90.0,354.999969,0.0]},"ScaleArray":{"$type":"System.Single[], mscorlib","$values":[0.9,0.8,1.0]},"Name":"Model Renderer (.vox)","Path":"Volume","IsRoot":false,"Children":{"$type":"System.Collections.Generic.List`1[[OverhaulMod.Content.Personalization.PersonalizationEditorObjectInfo, OverhaulMod]], mscorlib","$values":[]},"PropertyValues":{"$type":"System.Collections.Generic.Dictionary`2[[System.String, mscorlib],[System.Object, mscorlib]], mscorlib","volumeSettingPresets":{"$type":"System.Collections.Generic.Dictionary`2[[OverhaulMod.Engine.WeaponVariant2, OverhaulMod],[OverhaulMod.Content.Personalization.VolumeSettingsPreset, OverhaulMod]], mscorlib","NormalMultiplayer":{"$type":"OverhaulMod.Content.Personalization.VolumeSettingsPreset, OverhaulMod","VoxFilePath":"9a88c891\\files\\GO(d).vox","VoxelSize":0.04,"CenterPivot":true,"ColorReplacements":"111111FF-111111FF|222222FF-222222FF|000011FF-000011FF|FFCCFFFF-FFCCFF7F|EEEEEEFF-EEEEEE35|9900FFFF-8625FFE9|000022FF-000022FF|6600CCFF-C94CCCF6|9933FFFF-C043FFD9|CC66FFFF-CC66FFB4|CC99FFFF-CC99FF98|CC33FFFF-B744FFCC","ReplaceWithFavoriteColors":{"$type":"System.Collections.Generic.Dictionary`2[[System.String, mscorlib],[OverhaulMod.Content.Personalization.FavoriteColorSettings, OverhaulMod]], mscorlib"}},"OnFireMultiplayer":{"$type":"OverhaulMod.Content.Personalization.VolumeSettingsPreset, OverhaulMod","VoxFilePath":"9a88c891\\files\\GOf(d).vox","VoxelSize":0.04,"CenterPivot":true,"ColorReplacements":"111111FF-111111FF|222222FF-222222FF|3A3226FF-3A3226FF|64363CFF-64363CCB|EEEEEEFF-EEEEEE00|E8B647FF-E8B6474B|373C38FF-373C38FF|91AD70FF-DDFF00DA|D19826FF-D1982666|ED784AFF-ED784AB3|AF5F3CFF-AF5F3C99|F0A986FF-F0A98680","ReplaceWithFavoriteColors":{"$type":"System.Collections.Generic.Dictionary`2[[System.String, mscorlib],[OverhaulMod.Content.Personalization.FavoriteColorSettings, OverhaulMod]], mscorlib"}}},"hideIfNoPreset":true},"UniqueIndex":3,"NextUniqueIndex":0},{"$type":"OverhaulMod.Content.Personalization.PersonalizationEditorObjectInfo, OverhaulMod","PositionArray":{"$type":"System.Single[], mscorlib","$values":[-0.35,0.0,3.0]},"EulerAnglesArray":{"$type":"System.Single[], mscorlib","$values":[0.0,0.0,0.0]},"ScaleArray":{"$type":"System.Single[], mscorlib","$values":[0.02,0.005,0.005]},"Name":"Fire particles (Sword)","Path":"FireParticles_Sword","IsRoot":false,"Children":{"$type":"System.Collections.Generic.List`1[[OverhaulMod.Content.Personalization.PersonalizationEditorObjectInfo, OverhaulMod]], mscorlib","$values":[]},"PropertyValues":{"$type":"System.Collections.Generic.Dictionary`2[[System.String, mscorlib],[System.Object, mscorlib]], mscorlib","enableIfWeaponVariant":4},"UniqueIndex":4,"NextUniqueIndex":0}]},"PropertyValues":{"$type":"System.Collections.Generic.Dictionary`2[[System.String, mscorlib],[System.Object, mscorlib]], mscorlib"},"UniqueIndex":0,"NextUniqueIndex":4},"Offsets":{"$type":"OverhaulMod.Content.Personalization.PersonalizationItemOffsetList, OverhaulMod"}}