{"$type":"OverhaulMod.Content.Personalization.PersonalizationItemInfo, OverhaulMod","Name":"Holy Greatsword","Description":"When a robot armada invaded earth they landed at a site where a holy war had taken place and at the very center of the battlefield they found this they took it and made it into the proper sword that is in your hands now ","IsSentForVerification":false,"IsVerified":true,"ReuploadedTheItem":false,"ItemID":"5ea075a1-c31d-43ba-b78a-b4fc25d481c4","EditorID":"76561199241666996","Authors":{"$type":"System.Collections.Generic.List`1[[System.String, mscorlib]], mscorlib","$values":["tom69","SonicGleb"]},"ExclusiveFor_V2":{"$type":"System.Collections.Generic.List`1[[OverhaulMod.Content.Personalization.PersonalizationItemLockInfo, OverhaulMod]], mscorlib","$values":[]},"Category":1,"Weapon":1,"HideBowStrings":false,"BowStringsWidth":1.0,"OverrideParent":null,"BodyPartName":"Head","Version":0,"RootObject":{"$type":"OverhaulMod.Content.Personalization.PersonalizationEditorObjectInfo, OverhaulMod","PositionArray":{"$type":"System.Single[], mscorlib","$values":[0.0,0.0,0.0]},"EulerAnglesArray":{"$type":"System.Single[], mscorlib","$values":[0.0,0.0,0.0]},"ScaleArray":{"$type":"System.Single[], mscorlib","$values":[1.0,1.0,1.0]},"Name":"Root","Path":"Empty","IsRoot":true,"Children":{"$type":"System.Collections.Generic.List`1[[OverhaulMod.Content.Personalization.PersonalizationEditorObjectInfo, OverhaulMod]], mscorlib","$values":[{"$type":"OverhaulMod.Content.Personalization.PersonalizationEditorObjectInfo, OverhaulMod","PositionArray":{"$type":"System.Single[], mscorlib","$values":[0.0,0.0,0.85]},"EulerAnglesArray":{"$type":"System.Single[], mscorlib","$values":[0.0,90.0,90.0]},"ScaleArray":{"$type":"System.Single[], mscorlib","$values":[1.0,1.0,1.0]},"Name":"Model Renderer (.vox)","Path":"Volume","IsRoot":false,"Children":{"$type":"System.Collections.Generic.List`1[[OverhaulMod.Content.Personalization.PersonalizationEditorObjectInfo, OverhaulMod]], mscorlib","$values":[]},"PropertyValues":{"$type":"System.Collections.Generic.Dictionary`2[[System.String, mscorlib],[System.Object, mscorlib]], mscorlib","volumeSettingPresets":{"$type":"System.Collections.Generic.Dictionary`2[[OverhaulMod.Engine.WeaponVariant2, OverhaulMod],[OverhaulMod.Content.Personalization.VolumeSettingsPreset, OverhaulMod]], mscorlib","Normal":{"$type":"OverhaulMod.Content.Personalization.VolumeSettingsPreset, OverhaulMod","VoxFilePath":"5ea075a1_HolyGreatsword\\files\\sword.vox","VoxelSize":0.1,"CenterPivot":true,"ColorReplacements":"FFB11BFF-FFB11BD0|0B346EFF-0B346EFF|111111FF-111111FF|113285FF-113285FF","ReplaceWithFavoriteColors":{"$type":"System.Collections.Generic.Dictionary`2[[System.String, mscorlib],[OverhaulMod.Content.Personalization.FavoriteColorSettings, OverhaulMod]], mscorlib","0B346EFF":{"$type":"OverhaulMod.Content.Personalization.FavoriteColorSettings, OverhaulMod","SaturationMultiplier":0.7,"BrightnessMultiplier":1.0,"GlowPercent":0.35},"113285FF":{"$type":"OverhaulMod.Content.Personalization.FavoriteColorSettings, OverhaulMod","SaturationMultiplier":0.7,"BrightnessMultiplier":1.0,"GlowPercent":0.35}}},"OnFire":{"$type":"OverhaulMod.Content.Personalization.VolumeSettingsPreset, OverhaulMod","VoxFilePath":"5ea075a1_HolyGreatsword\\files\\sword.vox","VoxelSize":0.1,"CenterPivot":true,"ColorReplacements":"FFB11BFF-FFB11BCF|0B346EFF-F04800A2|111111FF-111111FF|113285FF-113285FF","ReplaceWithFavoriteColors":{"$type":"System.Collections.Generic.Dictionary`2[[System.String, mscorlib],[OverhaulMod.Content.Personalization.FavoriteColorSettings, OverhaulMod]], mscorlib","113285FF":{"$type":"OverhaulMod.Content.Personalization.FavoriteColorSettings, OverhaulMod","SaturationMultiplier":0.7,"BrightnessMultiplier":1.0,"GlowPercent":0.35}}}},"hideIfNoPreset":true},"UniqueIndex":1,"NextUniqueIndex":0},{"$type":"OverhaulMod.Content.Personalization.PersonalizationEditorObjectInfo, OverhaulMod","PositionArray":{"$type":"System.Single[], mscorlib","$values":[0.0,0.0,0.25]},"EulerAnglesArray":{"$type":"System.Single[], mscorlib","$values":[0.0,0.0,0.0]},"ScaleArray":{"$type":"System.Single[], mscorlib","$values":[0.01,0.01,0.01]},"Name":"Fire particles (Sword)","Path":"FireParticles_Sword","IsRoot":false,"Children":{"$type":"System.Collections.Generic.List`1[[OverhaulMod.Content.Personalization.PersonalizationEditorObjectInfo, OverhaulMod]], mscorlib","$values":[]},"PropertyValues":{"$type":"System.Collections.Generic.Dictionary`2[[System.String, mscorlib],[System.Object, mscorlib]], mscorlib","enableIfWeaponVariant":2,"applyFavoriteColor":true},"UniqueIndex":2,"NextUniqueIndex":0},{"$type":"OverhaulMod.Content.Personalization.PersonalizationEditorObjectInfo, OverhaulMod","PositionArray":{"$type":"System.Single[], mscorlib","$values":[0.0,0.0,0.25]},"EulerAnglesArray":{"$type":"System.Single[], mscorlib","$values":[0.0,0.0,0.0]},"ScaleArray":{"$type":"System.Single[], mscorlib","$values":[0.01,0.01,0.01]},"Name":"Fire particles (Sword)","Path":"FireParticles_Sword","IsRoot":false,"Children":{"$type":"System.Collections.Generic.List`1[[OverhaulMod.Content.Personalization.PersonalizationEditorObjectInfo, OverhaulMod]], mscorlib","$values":[]},"PropertyValues":{"$type":"System.Collections.Generic.Dictionary`2[[System.String, mscorlib],[System.Object, mscorlib]], mscorlib","enableIfWeaponVariant":4,"applyFavoriteColor":true},"UniqueIndex":5,"NextUniqueIndex":0},{"$type":"OverhaulMod.Content.Personalization.PersonalizationEditorObjectInfo, OverhaulMod","PositionArray":{"$type":"System.Single[], mscorlib","$values":[0.0,0.0,1.0]},"EulerAnglesArray":{"$type":"System.Single[], mscorlib","$values":[0.0,90.0,90.0]},"ScaleArray":{"$type":"System.Single[], mscorlib","$values":[1.0,1.2,1.0]},"Name":"Model Renderer (.vox)","Path":"Volume","IsRoot":false,"Children":{"$type":"System.Collections.Generic.List`1[[OverhaulMod.Content.Personalization.PersonalizationEditorObjectInfo, OverhaulMod]], mscorlib","$values":[]},"PropertyValues":{"$type":"System.Collections.Generic.Dictionary`2[[System.String, mscorlib],[System.Object, mscorlib]], mscorlib","volumeSettingPresets":{"$type":"System.Collections.Generic.Dictionary`2[[OverhaulMod.Engine.WeaponVariant2, OverhaulMod],[OverhaulMod.Content.Personalization.VolumeSettingsPreset, OverhaulMod]], mscorlib","NormalMultiplayer":{"$type":"OverhaulMod.Content.Personalization.VolumeSettingsPreset, OverhaulMod","VoxFilePath":"5ea075a1_HolyGreatsword\\files\\sword.vox","VoxelSize":0.1,"CenterPivot":true,"ColorReplacements":"FFB11BFF-FFB11BD0|0B346EFF-0B346EFF|111111FF-111111FF|113285FF-113285FF","ReplaceWithFavoriteColors":{"$type":"System.Collections.Generic.Dictionary`2[[System.String, mscorlib],[OverhaulMod.Content.Personalization.FavoriteColorSettings, OverhaulMod]], mscorlib","0B346EFF":{"$type":"OverhaulMod.Content.Personalization.FavoriteColorSettings, OverhaulMod","SaturationMultiplier":0.7,"BrightnessMultiplier":1.0,"GlowPercent":0.35},"113285FF":{"$type":"OverhaulMod.Content.Personalization.FavoriteColorSettings, OverhaulMod","SaturationMultiplier":0.7,"BrightnessMultiplier":1.0,"GlowPercent":0.35}}},"OnFireMultiplayer":{"$type":"OverhaulMod.Content.Personalization.VolumeSettingsPreset, OverhaulMod","VoxFilePath":"5ea075a1_HolyGreatsword\\files\\sword.vox","VoxelSize":0.1,"CenterPivot":true,"ColorReplacements":"FFB11BFF-FFB11BCF|0B346EFF-F04800A2|111111FF-111111FF|113285FF-113285FF","ReplaceWithFavoriteColors":{"$type":"System.Collections.Generic.Dictionary`2[[System.String, mscorlib],[OverhaulMod.Content.Personalization.FavoriteColorSettings, OverhaulMod]], mscorlib","113285FF":{"$type":"OverhaulMod.Content.Personalization.FavoriteColorSettings, OverhaulMod","SaturationMultiplier":0.7,"BrightnessMultiplier":1.0,"GlowPercent":0.35}}}},"hideIfNoPreset":true},"UniqueIndex":6,"NextUniqueIndex":0}]},"PropertyValues":{"$type":"System.Collections.Generic.Dictionary`2[[System.String, mscorlib],[System.Object, mscorlib]], mscorlib"},"UniqueIndex":0,"NextUniqueIndex":6}}