{"$type":"OverhaulMod.Content.Personalization.PersonalizationItemInfo, OverhaulMod","Name":"Steel","Description":"No description provided.","IsSentForVerification":false,"IsVerified":true,"ItemID":"c43480bd-532a-4b97-b5df-7b181b7dbd35","EditorID":"76561198965865454","Authors":{"$type":"System.Collections.Generic.List`1[[System.String, mscorlib]], mscorlib","$values":["tabi_ex."]},"ExclusiveFor_V2":{"$type":"System.Collections.Generic.List`1[[OverhaulMod.Content.Personalization.PersonalizationItemLockInfo, OverhaulMod]], mscorlib","$values":[]},"Category":1,"Weapon":1,"HideBowStrings":false,"BowStringsWidth":1.0,"OverrideParent":null,"BodyPartName":"Head","Version":0,"RootObject":{"$type":"OverhaulMod.Content.Personalization.PersonalizationEditorObjectInfo, OverhaulMod","PositionArray":{"$type":"System.Single[], mscorlib","$values":[0.0,0.0,0.0]},"EulerAnglesArray":{"$type":"System.Single[], mscorlib","$values":[0.0,0.0,0.0]},"ScaleArray":{"$type":"System.Single[], mscorlib","$values":[1.0,1.0,1.0]},"Name":"Root","Path":"Empty","IsRoot":true,"Children":{"$type":"System.Collections.Generic.List`1[[OverhaulMod.Content.Personalization.PersonalizationEditorObjectInfo, OverhaulMod]], mscorlib","$values":[{"$type":"OverhaulMod.Content.Personalization.PersonalizationEditorObjectInfo, OverhaulMod","PositionArray":{"$type":"System.Single[], mscorlib","$values":[0.0,0.0,1.05]},"EulerAnglesArray":{"$type":"System.Single[], mscorlib","$values":[0.0,180.0,0.0]},"ScaleArray":{"$type":"System.Single[], mscorlib","$values":[1.0,1.0,1.0]},"Name":"Model Renderer (.vox)","Path":"Volume","IsRoot":false,"Children":{"$type":"System.Collections.Generic.List`1[[OverhaulMod.Content.Personalization.PersonalizationEditorObjectInfo, OverhaulMod]], mscorlib","$values":[]},"PropertyValues":{"$type":"System.Collections.Generic.Dictionary`2[[System.String, mscorlib],[System.Object, mscorlib]], mscorlib","volumeSettingPresets":{"$type":"System.Collections.Generic.Dictionary`2[[OverhaulMod.Engine.WeaponVariant, OverhaulMod],[OverhaulMod.Content.Personalization.VolumeSettingsPreset, OverhaulMod]], mscorlib","Normal":{"$type":"OverhaulMod.Content.Personalization.VolumeSettingsPreset, OverhaulMod","VoxFilePath":"Steel\\files\\Steel_.vox","VoxelSize":0.1,"CenterPivot":true,"ColorReplacements":"77A2FFFF-77A2FFFF|36353AFF-36353AFF|2D2C31FF-2D2C31FF|4B4B4BFF-4B4B4BFF|77715FFF-77715FFF|5F594BFF-5F594BFF|AAA871FF-AAA871FF","ReplaceWithFavoriteColors":{"$type":"System.Collections.Generic.Dictionary`2[[System.String, mscorlib],[OverhaulMod.Content.Personalization.FavoriteColorSettings, OverhaulMod]], mscorlib","77A2FFFF":{"$type":"OverhaulMod.Content.Personalization.FavoriteColorSettings, OverhaulMod","SaturationMultiplier":0.7,"BrightnessMultiplier":1.0,"GlowPercent":0.35}}},"OnFire":{"$type":"OverhaulMod.Content.Personalization.VolumeSettingsPreset, OverhaulMod","VoxFilePath":"Steel\\files\\Steel_.vox","VoxelSize":0.1,"CenterPivot":true,"ColorReplacements":"77A2FFFF-F04800A2|36353AFF-36353AFF|2D2C31FF-2D2C31FF|4B4B4BFF-4B4B4BFF|77715FFF-77715FFF|5F594BFF-5F594BFF|AAA871FF-AAA871FF","ReplaceWithFavoriteColors":{"$type":"System.Collections.Generic.Dictionary`2[[System.String, mscorlib],[OverhaulMod.Content.Personalization.FavoriteColorSettings, OverhaulMod]], mscorlib"}}},"hideIfNoPreset":true},"UniqueIndex":1,"NextUniqueIndex":0},{"$type":"OverhaulMod.Content.Personalization.PersonalizationEditorObjectInfo, OverhaulMod","PositionArray":{"$type":"System.Single[], mscorlib","$values":[0.0,0.0,1.2]},"EulerAnglesArray":{"$type":"System.Single[], mscorlib","$values":[0.0,180.0,0.0]},"ScaleArray":{"$type":"System.Single[], mscorlib","$values":[1.0,1.0,1.0]},"Name":"Model Renderer (.vox)","Path":"Volume","IsRoot":false,"Children":{"$type":"System.Collections.Generic.List`1[[OverhaulMod.Content.Personalization.PersonalizationEditorObjectInfo, OverhaulMod]], mscorlib","$values":[]},"PropertyValues":{"$type":"System.Collections.Generic.Dictionary`2[[System.String, mscorlib],[System.Object, mscorlib]], mscorlib","volumeSettingPresets":{"$type":"System.Collections.Generic.Dictionary`2[[OverhaulMod.Engine.WeaponVariant, OverhaulMod],[OverhaulMod.Content.Personalization.VolumeSettingsPreset, OverhaulMod]], mscorlib","NormalMultiplayer":{"$type":"OverhaulMod.Content.Personalization.VolumeSettingsPreset, OverhaulMod","VoxFilePath":"Steel\\files\\SteelLBS.vox","VoxelSize":0.1,"CenterPivot":true,"ColorReplacements":"77A2FFFF-77A2FFFF|36353AFF-36353AFF|2D2C31FF-2D2C31FF|4B4B4BFF-4B4B4BFF|77715FFF-77715FFF|5F594BFF-5F594BFF|AAA871FF-AAA871FF","ReplaceWithFavoriteColors":{"$type":"System.Collections.Generic.Dictionary`2[[System.String, mscorlib],[OverhaulMod.Content.Personalization.FavoriteColorSettings, OverhaulMod]], mscorlib","77A2FFFF":{"$type":"OverhaulMod.Content.Personalization.FavoriteColorSettings, OverhaulMod","SaturationMultiplier":0.7,"BrightnessMultiplier":1.0,"GlowPercent":0.35}}},"OnFireMultiplayer":{"$type":"OverhaulMod.Content.Personalization.VolumeSettingsPreset, OverhaulMod","VoxFilePath":"Steel\\files\\SteelLBS.vox","VoxelSize":0.1,"CenterPivot":true,"ColorReplacements":"77A2FFFF-F04800A2|36353AFF-36353AFF|2D2C31FF-2D2C31FF|4B4B4BFF-4B4B4BFF|77715FFF-77715FFF|5F594BFF-5F594BFF|AAA871FF-AAA871FF","ReplaceWithFavoriteColors":{"$type":"System.Collections.Generic.Dictionary`2[[System.String, mscorlib],[OverhaulMod.Content.Personalization.FavoriteColorSettings, OverhaulMod]], mscorlib"}}},"hideIfNoPreset":true},"UniqueIndex":2,"NextUniqueIndex":0},{"$type":"OverhaulMod.Content.Personalization.PersonalizationEditorObjectInfo, OverhaulMod","PositionArray":{"$type":"System.Single[], mscorlib","$values":[0.0,0.0,0.4]},"EulerAnglesArray":{"$type":"System.Single[], mscorlib","$values":[0.0,0.0,0.0]},"ScaleArray":{"$type":"System.Single[], mscorlib","$values":[0.005,0.01,0.01]},"Name":"Fire particles (Sword)","Path":"FireParticles_Sword","IsRoot":false,"Children":{"$type":"System.Collections.Generic.List`1[[OverhaulMod.Content.Personalization.PersonalizationEditorObjectInfo, OverhaulMod]], mscorlib","$values":[]},"PropertyValues":{"$type":"System.Collections.Generic.Dictionary`2[[System.String, mscorlib],[System.Object, mscorlib]], mscorlib","enableIfWeaponVariant":2},"UniqueIndex":3,"NextUniqueIndex":0},{"$type":"OverhaulMod.Content.Personalization.PersonalizationEditorObjectInfo, OverhaulMod","PositionArray":{"$type":"System.Single[], mscorlib","$values":[0.0,0.0,0.4]},"EulerAnglesArray":{"$type":"System.Single[], mscorlib","$values":[0.0,0.0,0.0]},"ScaleArray":{"$type":"System.Single[], mscorlib","$values":[0.005,0.01,0.012]},"Name":"Fire particles (Sword)","Path":"FireParticles_Sword","IsRoot":false,"Children":{"$type":"System.Collections.Generic.List`1[[OverhaulMod.Content.Personalization.PersonalizationEditorObjectInfo, OverhaulMod]], mscorlib","$values":[]},"PropertyValues":{"$type":"System.Collections.Generic.Dictionary`2[[System.String, mscorlib],[System.Object, mscorlib]], mscorlib","enableIfWeaponVariant":4},"UniqueIndex":4,"NextUniqueIndex":0}]},"PropertyValues":{"$type":"System.Collections.Generic.Dictionary`2[[System.String, mscorlib],[System.Object, mscorlib]], mscorlib"},"UniqueIndex":0,"NextUniqueIndex":4}}