{"$type":"OverhaulMod.Content.Personalization.PersonalizationItemInfo, OverhaulMod","Name":"Anarchy Blade","Description":"From Terraria Calamity. Large model.","IsSentForVerification":false,"IsVerified":true,"ReuploadedTheItem":false,"ItemID":"1645d80f-cf69-4138-98bb-259c1376c9f4","EditorID":"76561198842741733","Authors":{"$type":"System.Collections.Generic.List`1[[System.String, mscorlib]], mscorlib","$values":["kitt™"]},"ExclusiveFor_V2":{"$type":"System.Collections.Generic.List`1[[OverhaulMod.Content.Personalization.PersonalizationItemLockInfo, OverhaulMod]], mscorlib","$values":[]},"Category":1,"Weapon":1,"HideBowStrings":false,"BowStringsWidth":1.0,"OverrideParent":null,"BodyPartName":"Head","Version":0,"RootObject":{"$type":"OverhaulMod.Content.Personalization.PersonalizationEditorObjectInfo, OverhaulMod","PositionArray":{"$type":"System.Single[], mscorlib","$values":[0.0,0.0,0.0]},"EulerAnglesArray":{"$type":"System.Single[], mscorlib","$values":[0.0,0.0,0.0]},"ScaleArray":{"$type":"System.Single[], mscorlib","$values":[1.0,1.0,1.0]},"Name":"Root","Path":"Empty","IsRoot":true,"Children":{"$type":"System.Collections.Generic.List`1[[OverhaulMod.Content.Personalization.PersonalizationEditorObjectInfo, OverhaulMod]], mscorlib","$values":[{"$type":"OverhaulMod.Content.Personalization.PersonalizationEditorObjectInfo, OverhaulMod","PositionArray":{"$type":"System.Single[], mscorlib","$values":[0.0,0.0,0.85]},"EulerAnglesArray":{"$type":"System.Single[], mscorlib","$values":[0.0,90.0,90.0]},"ScaleArray":{"$type":"System.Single[], mscorlib","$values":[1.0,1.0,1.0]},"Name":"Model Renderer (.vox)","Path":"Volume","IsRoot":false,"Children":{"$type":"System.Collections.Generic.List`1[[OverhaulMod.Content.Personalization.PersonalizationEditorObjectInfo, OverhaulMod]], mscorlib","$values":[]},"PropertyValues":{"$type":"System.Collections.Generic.Dictionary`2[[System.String, mscorlib],[System.Object, mscorlib]], mscorlib","volumeSettingPresets":{"$type":"System.Collections.Generic.Dictionary`2[[OverhaulMod.Engine.WeaponVariant, OverhaulMod],[OverhaulMod.Content.Personalization.VolumeSettingsPreset, OverhaulMod]], mscorlib","Normal":{"$type":"OverhaulMod.Content.Personalization.VolumeSettingsPreset, OverhaulMod","VoxFilePath":"1645d80f_AnarchyBlade\\files\\AnarchyBlade.vox","VoxelSize":0.026,"CenterPivot":true,"ColorReplacements":"B97522FF-B97522F7|987D3AFF-987D3AFD|816931FF-816931FF|574C43FF-574C43FF|645538FF-645538FF|403831FF-403831FF|1B1D21FF-1B1D21FF|38312BFF-38312BFF|483E37FF-483E37FF|4C6962FF-4C6962FF|48545AFF-48545AFF|5A4723FF-5A4723FF|3E3018FF-3E3018FF|4C5E69FF-4C5E69FA|2C2F36FF-2C2F36FF|2C1413FF-2C1413FB|362221FF-331A16F7|936F24FF-936F24FF|401C17FF-401C17FC|4B1613FF-4B1613F9|FCE4A0FF-FCE4A0B4|88390EFF-88390EFB|5D0B05FF-5D0B05F9|866621FF-866621FF|712F0CFF-712F0CF5","ReplaceWithFavoriteColors":{"$type":"System.Collections.Generic.Dictionary`2[[System.String, mscorlib],[OverhaulMod.Content.Personalization.FavoriteColorSettings, OverhaulMod]], mscorlib"}},"OnFire":{"$type":"OverhaulMod.Content.Personalization.VolumeSettingsPreset, OverhaulMod","VoxFilePath":"1645d80f_AnarchyBlade\\files\\AnarchyBlade.vox","VoxelSize":0.026,"CenterPivot":true,"ColorReplacements":"B97522FF-B97522F7|987D3AFF-987D3AFD|816931FF-816931FF|574C43FF-574C43FF|645538FF-645538FF|403831FF-403831FF|1B1D21FF-1B1D21FF|38312BFF-38312BFF|483E37FF-483E37FF|4C6962FF-4C6962FF|48545AFF-48545AFF|5A4723FF-5A4723FF|3E3018FF-3E3018FF|4C5E69FF-4C5E69FA|2C2F36FF-2C2F36FF|2C1413FF-2C1413F4|362221FF-331A16EB|936F24FF-936F24FF|401C17FF-401C17ED|4B1613FF-4B1613E8|FCE4A0FF-FCE4A0B4|88390EFF-88390EEB|5D0B05FF-5D0B05E4|866621FF-866621FF|712F0CFF-712F0CE6","ReplaceWithFavoriteColors":{"$type":"System.Collections.Generic.Dictionary`2[[System.String, mscorlib],[OverhaulMod.Content.Personalization.FavoriteColorSettings, OverhaulMod]], mscorlib"}},"NormalMultiplayer":{"$type":"OverhaulMod.Content.Personalization.VolumeSettingsPreset, OverhaulMod","VoxFilePath":"1645d80f_AnarchyBlade\\files\\AnarchyBlade.vox","VoxelSize":0.03,"CenterPivot":true,"ColorReplacements":"B97522FF-B97522F7|987D3AFF-987D3AFD|816931FF-816931FF|574C43FF-574C43FF|645538FF-645538FF|403831FF-403831FF|1B1D21FF-1B1D21FF|38312BFF-38312BFF|483E37FF-483E37FF|4C6962FF-4C6962FF|48545AFF-48545AFF|5A4723FF-5A4723FF|3E3018FF-3E3018FF|4C5E69FF-4C5E69FA|2C2F36FF-2C2F36FF|2C1413FF-2C1413FB|362221FF-331A16F7|936F24FF-936F24FF|401C17FF-401C17FC|4B1613FF-4B1613F9|FCE4A0FF-FCE4A0B4|88390EFF-88390EFB|5D0B05FF-5D0B05F9|866621FF-866621FF|712F0CFF-712F0CF5","ReplaceWithFavoriteColors":{"$type":"System.Collections.Generic.Dictionary`2[[System.String, mscorlib],[OverhaulMod.Content.Personalization.FavoriteColorSettings, OverhaulMod]], mscorlib"}},"OnFireMultiplayer":{"$type":"OverhaulMod.Content.Personalization.VolumeSettingsPreset, OverhaulMod","VoxFilePath":"1645d80f_AnarchyBlade\\files\\AnarchyBlade.vox","VoxelSize":0.03,"CenterPivot":true,"ColorReplacements":"B97522FF-B97522F7|987D3AFF-987D3AFD|816931FF-816931FF|574C43FF-574C43FF|645538FF-645538FF|403831FF-403831FF|1B1D21FF-1B1D21FF|38312BFF-38312BFF|483E37FF-483E37FF|4C6962FF-4C6962FF|48545AFF-48545AFF|5A4723FF-5A4723FF|3E3018FF-3E3018FF|4C5E69FF-4C5E69FA|2C2F36FF-2C2F36FF|2C1413FF-2C1413F4|362221FF-331A16EB|936F24FF-936F24FF|401C17FF-401C17ED|4B1613FF-4B1613E8|FCE4A0FF-FCE4A0B4|88390EFF-88390EEB|5D0B05FF-5D0B05E4|866621FF-866621FF|712F0CFF-712F0CE6","ReplaceWithFavoriteColors":{"$type":"System.Collections.Generic.Dictionary`2[[System.String, mscorlib],[OverhaulMod.Content.Personalization.FavoriteColorSettings, OverhaulMod]], mscorlib"}}},"hideIfNoPreset":false},"UniqueIndex":1,"NextUniqueIndex":0},{"$type":"OverhaulMod.Content.Personalization.PersonalizationEditorObjectInfo, OverhaulMod","PositionArray":{"$type":"System.Single[], mscorlib","$values":[0.0,0.0,0.3]},"EulerAnglesArray":{"$type":"System.Single[], mscorlib","$values":[0.0,0.0,0.0]},"ScaleArray":{"$type":"System.Single[], mscorlib","$values":[0.012,0.012,0.012]},"Name":"Fire particles (Sword)","Path":"FireParticles_Sword","IsRoot":false,"Children":{"$type":"System.Collections.Generic.List`1[[OverhaulMod.Content.Personalization.PersonalizationEditorObjectInfo, OverhaulMod]], mscorlib","$values":[]},"PropertyValues":{"$type":"System.Collections.Generic.Dictionary`2[[System.String, mscorlib],[System.Object, mscorlib]], mscorlib","enableIfWeaponVariant":2,"color":"FF4E4FFF","enableSmoke":true,"applyFavoriteColor":false},"UniqueIndex":2,"NextUniqueIndex":0},{"$type":"OverhaulMod.Content.Personalization.PersonalizationEditorObjectInfo, OverhaulMod","PositionArray":{"$type":"System.Single[], mscorlib","$values":[0.0,0.0,0.3]},"EulerAnglesArray":{"$type":"System.Single[], mscorlib","$values":[0.0,0.0,0.0]},"ScaleArray":{"$type":"System.Single[], mscorlib","$values":[0.012,0.012,0.012]},"Name":"Fire particles (Sword)","Path":"FireParticles_Sword","IsRoot":false,"Children":{"$type":"System.Collections.Generic.List`1[[OverhaulMod.Content.Personalization.PersonalizationEditorObjectInfo, OverhaulMod]], mscorlib","$values":[]},"PropertyValues":{"$type":"System.Collections.Generic.Dictionary`2[[System.String, mscorlib],[System.Object, mscorlib]], mscorlib","enableIfWeaponVariant":4,"color":"FF4E4FFF"},"UniqueIndex":5,"NextUniqueIndex":0}]},"PropertyValues":{"$type":"System.Collections.Generic.Dictionary`2[[System.String, mscorlib],[System.Object, mscorlib]], mscorlib"},"UniqueIndex":0,"NextUniqueIndex":5},"Offsets":{"$type":"OverhaulMod.Content.Personalization.PersonalizationItemOffsetList, OverhaulMod"}}