{"$type":"OverhaulMod.Content.Personalization.PersonalizationItemInfo, OverhaulMod","Name":"Carnage","Description":"A bow inspired by demon blood.","IsSentForVerification":false,"IsVerified":true,"ReuploadedTheItem":false,"ItemID":"4ed53e02-5c66-487b-b1c1-a52943bd0e8d","EditorID":"76561198842741733","Authors":{"$type":"System.Collections.Generic.List`1[[System.String, mscorlib]], mscorlib","$values":["kitt™"]},"ExclusiveFor_V2":{"$type":"System.Collections.Generic.List`1[[OverhaulMod.Content.Personalization.PersonalizationItemLockInfo, OverhaulMod]], mscorlib","$values":[]},"Category":1,"Weapon":2,"HideBowStrings":false,"BowStringsWidth":0.389206439,"OverrideParent":null,"BodyPartName":"Head","Version":0,"RootObject":{"$type":"OverhaulMod.Content.Personalization.PersonalizationEditorObjectInfo, OverhaulMod","PositionArray":{"$type":"System.Single[], mscorlib","$values":[0.0,0.0,0.0]},"EulerAnglesArray":{"$type":"System.Single[], mscorlib","$values":[0.0,0.0,0.0]},"ScaleArray":{"$type":"System.Single[], mscorlib","$values":[1.0,1.0,1.0]},"Name":"Root","Path":"Empty","IsRoot":true,"Children":{"$type":"System.Collections.Generic.List`1[[OverhaulMod.Content.Personalization.PersonalizationEditorObjectInfo, OverhaulMod]], mscorlib","$values":[{"$type":"OverhaulMod.Content.Personalization.PersonalizationEditorObjectInfo, OverhaulMod","PositionArray":{"$type":"System.Single[], mscorlib","$values":[0.1,0.0,0.0]},"EulerAnglesArray":{"$type":"System.Single[], mscorlib","$values":[90.0,0.0,0.0]},"ScaleArray":{"$type":"System.Single[], mscorlib","$values":[1.0,1.0,1.0]},"Name":"Model Renderer (.vox)","Path":"Volume","IsRoot":false,"Children":{"$type":"System.Collections.Generic.List`1[[OverhaulMod.Content.Personalization.PersonalizationEditorObjectInfo, OverhaulMod]], mscorlib","$values":[]},"PropertyValues":{"$type":"System.Collections.Generic.Dictionary`2[[System.String, mscorlib],[System.Object, mscorlib]], mscorlib","volumeSettingPresets":{"$type":"System.Collections.Generic.Dictionary`2[[OverhaulMod.Engine.WeaponVariant, OverhaulMod],[OverhaulMod.Content.Personalization.VolumeSettingsPreset, OverhaulMod]], mscorlib","Normal":{"$type":"OverhaulMod.Content.Personalization.VolumeSettingsPreset, OverhaulMod","VoxFilePath":"4ed53e02_Carnage\\files\\demon blood bow.vox","VoxelSize":0.03,"CenterPivot":true,"ColorReplacements":"931616FF-931616FD|791212FF-791212FF","ReplaceWithFavoriteColors":{"$type":"System.Collections.Generic.Dictionary`2[[System.String, mscorlib],[OverhaulMod.Content.Personalization.FavoriteColorSettings, OverhaulMod]], mscorlib"}}},"hideIfNoPreset":true},"UniqueIndex":1,"NextUniqueIndex":0},{"$type":"OverhaulMod.Content.Personalization.PersonalizationEditorObjectInfo, OverhaulMod","PositionArray":{"$type":"System.Single[], mscorlib","$values":[-0.3,0.0,0.0]},"EulerAnglesArray":{"$type":"System.Single[], mscorlib","$values":[0.0,270.0,0.0]},"ScaleArray":{"$type":"System.Single[], mscorlib","$values":[0.005,0.02,0.001]},"Name":"Fire particles (Spear)","Path":"FireParticles_Spear","IsRoot":false,"Children":{"$type":"System.Collections.Generic.List`1[[OverhaulMod.Content.Personalization.PersonalizationEditorObjectInfo, OverhaulMod]], mscorlib","$values":[]},"PropertyValues":{"$type":"System.Collections.Generic.Dictionary`2[[System.String, mscorlib],[System.Object, mscorlib]], mscorlib","color":"FF3400FF","enableSmoke":false},"UniqueIndex":2,"NextUniqueIndex":0}]},"PropertyValues":{"$type":"System.Collections.Generic.Dictionary`2[[System.String, mscorlib],[System.Object, mscorlib]], mscorlib"},"UniqueIndex":0,"NextUniqueIndex":2}}