{"$type":"OverhaulMod.Content.Personalization.PersonalizationItemInfo, OverhaulMod","Name":"Energy Sword","Description":"The energy sword used by the Sangheili, from Halo.","IsSentForVerification":false,"IsVerified":true,"ReuploadedTheItem":false,"ItemID":"381634cd-3d35-4d9e-aaef-34babf422a7a","EditorID":"76561198842741733","Authors":{"$type":"System.Collections.Generic.List`1[[System.String, mscorlib]], mscorlib","$values":["kitt"]},"ExclusiveFor_V2":{"$type":"System.Collections.Generic.List`1[[OverhaulMod.Content.Personalization.PersonalizationItemLockInfo, OverhaulMod]], mscorlib","$values":[]},"Category":1,"Weapon":1,"HideBowStrings":false,"BowStringsWidth":1.0,"OverrideParent":null,"BodyPartName":"Head","Version":0,"RootObject":{"$type":"OverhaulMod.Content.Personalization.PersonalizationEditorObjectInfo, OverhaulMod","PositionArray":{"$type":"System.Single[], mscorlib","$values":[0.0,0.0,0.0]},"EulerAnglesArray":{"$type":"System.Single[], mscorlib","$values":[0.0,0.0,0.0]},"ScaleArray":{"$type":"System.Single[], mscorlib","$values":[1.0,1.0,1.0]},"Name":"Root","Path":"Empty","IsRoot":true,"Children":{"$type":"System.Collections.Generic.List`1[[OverhaulMod.Content.Personalization.PersonalizationEditorObjectInfo, OverhaulMod]], mscorlib","$values":[{"$type":"OverhaulMod.Content.Personalization.PersonalizationEditorObjectInfo, OverhaulMod","PositionArray":{"$type":"System.Single[], mscorlib","$values":[0.0,0.0,1.0]},"EulerAnglesArray":{"$type":"System.Single[], mscorlib","$values":[0.0,90.0,90.0]},"ScaleArray":{"$type":"System.Single[], mscorlib","$values":[1.0,1.0,1.0]},"Name":"Model Renderer (.vox)","Path":"Volume","IsRoot":false,"Children":{"$type":"System.Collections.Generic.List`1[[OverhaulMod.Content.Personalization.PersonalizationEditorObjectInfo, OverhaulMod]], mscorlib","$values":[]},"PropertyValues":{"$type":"System.Collections.Generic.Dictionary`2[[System.String, mscorlib],[System.Object, mscorlib]], mscorlib","volumeSettingPresets":{"$type":"System.Collections.Generic.Dictionary`2[[OverhaulMod.Engine.WeaponVariant2, OverhaulMod],[OverhaulMod.Content.Personalization.VolumeSettingsPreset, OverhaulMod]], mscorlib","Normal":{"$type":"OverhaulMod.Content.Personalization.VolumeSettingsPreset, OverhaulMod","VoxFilePath":"381634cd_EnergySword\\files\\EnergySword.vox","VoxelSize":0.025,"CenterPivot":true,"ColorReplacements":"CEEFFFFF-CEEFFFDF|71B8FFFF-71B8FF76|648BFFFF-648BFFBC|59A1FFFF-59A1FFDD|4F90E5FF-4F90E5D6|3B3B3BFF-3B3B3BFF|7B7B7BFF-7B7B7BFF|676767FF-676767FF|5E5C9DFF-5E5C9DE5","ReplaceWithFavoriteColors":{"$type":"System.Collections.Generic.Dictionary`2[[System.String, mscorlib],[OverhaulMod.Content.Personalization.FavoriteColorSettings, OverhaulMod]], mscorlib"}},"OnFire":{"$type":"OverhaulMod.Content.Personalization.VolumeSettingsPreset, OverhaulMod","VoxFilePath":"381634cd_EnergySword\\files\\EnergySword.vox","VoxelSize":0.025,"CenterPivot":true,"ColorReplacements":"CEEFFFFF-FAEFCADF|71B8FFFF-CAB88D76|648BFFFF-FF3405C3|59A1FFFF-FF4300DD|4F90E5FF-FF3400B5|3B3B3BFF-3B3B3BFF|7B7B7BFF-7B7B7BFF|676767FF-676767FF|5E5C9DFF-5E5C9DE5","ReplaceWithFavoriteColors":{"$type":"System.Collections.Generic.Dictionary`2[[System.String, mscorlib],[OverhaulMod.Content.Personalization.FavoriteColorSettings, OverhaulMod]], mscorlib"}},"NormalMultiplayer":{"$type":"OverhaulMod.Content.Personalization.VolumeSettingsPreset, OverhaulMod","VoxFilePath":"381634cd_EnergySword\\files\\EnergySword.vox","VoxelSize":0.03,"CenterPivot":true,"ColorReplacements":"CEEFFFFF-CEEFFFDF|71B8FFFF-71B8FF76|648BFFFF-648BFFBC|59A1FFFF-59A1FFDD|4F90E5FF-4F90E5D6|3B3B3BFF-3B3B3BFF|7B7B7BFF-7B7B7BFF|676767FF-676767FF|5E5C9DFF-5E5C9DE5","ReplaceWithFavoriteColors":{"$type":"System.Collections.Generic.Dictionary`2[[System.String, mscorlib],[OverhaulMod.Content.Personalization.FavoriteColorSettings, OverhaulMod]], mscorlib"}},"OnFireMultiplayer":{"$type":"OverhaulMod.Content.Personalization.VolumeSettingsPreset, OverhaulMod","VoxFilePath":"381634cd_EnergySword\\files\\EnergySword.vox","VoxelSize":0.03,"CenterPivot":true,"ColorReplacements":"CEEFFFFF-FAEFCADF|71B8FFFF-CAB88D76|648BFFFF-FF3405C3|59A1FFFF-FF4300DD|4F90E5FF-FF3400B5|3B3B3BFF-3B3B3BFF|7B7B7BFF-7B7B7BFF|676767FF-676767FF|5E5C9DFF-5E5C9DE5","ReplaceWithFavoriteColors":{"$type":"System.Collections.Generic.Dictionary`2[[System.String, mscorlib],[OverhaulMod.Content.Personalization.FavoriteColorSettings, OverhaulMod]], mscorlib"}}},"hideIfNoPreset":true},"UniqueIndex":1,"NextUniqueIndex":0}]},"PropertyValues":{"$type":"System.Collections.Generic.Dictionary`2[[System.String, mscorlib],[System.Object, mscorlib]], mscorlib"},"UniqueIndex":0,"NextUniqueIndex":4},"Offsets":{"$type":"OverhaulMod.Content.Personalization.PersonalizationItemOffsetList, OverhaulMod"}}