{"$type":"OverhaulMod.Content.Personalization.PersonalizationItemInfo, OverhaulMod","Name":"Defiled Greatsword","Description":"A sword that was wielded by Golden Heretic, Yharim. Using it he was able to win in battle against Supreme Witch, Calamitas.","IsSentForVerification":false,"IsVerified":true,"ItemID":"714a54e6-8801-424a-a533-ed91174b4883","EditorID":"76561198965865454","Authors":{"$type":"System.Collections.Generic.List`1[[System.String, mscorlib]], mscorlib","$values":["legendary_goose_"]},"ExclusiveFor_V2":{"$type":"System.Collections.Generic.List`1[[OverhaulMod.Content.Personalization.PersonalizationItemLockInfo, OverhaulMod]], mscorlib","$values":[]},"Category":1,"Weapon":3,"HideBowStrings":false,"BowStringsWidth":1.0,"OverrideParent":null,"BodyPartName":"Head","Version":1,"RootObject":{"$type":"OverhaulMod.Content.Personalization.PersonalizationEditorObjectInfo, OverhaulMod","PositionArray":{"$type":"System.Single[], mscorlib","$values":[0.0,0.0,0.0]},"EulerAnglesArray":{"$type":"System.Single[], mscorlib","$values":[0.0,0.0,0.0]},"ScaleArray":{"$type":"System.Single[], mscorlib","$values":[1.0,1.0,1.0]},"Name":"Root","Path":"Empty","IsRoot":true,"Children":{"$type":"System.Collections.Generic.List`1[[OverhaulMod.Content.Personalization.PersonalizationEditorObjectInfo, OverhaulMod]], mscorlib","$values":[{"$type":"OverhaulMod.Content.Personalization.PersonalizationEditorObjectInfo, OverhaulMod","PositionArray":{"$type":"System.Single[], mscorlib","$values":[1.0,0.0,0.0]},"EulerAnglesArray":{"$type":"System.Single[], mscorlib","$values":[90.0,90.0,0.0]},"ScaleArray":{"$type":"System.Single[], mscorlib","$values":[1.0,1.0,1.0]},"Name":"Model Renderer (.vox)","Path":"Volume","IsRoot":false,"Children":{"$type":"System.Collections.Generic.List`1[[OverhaulMod.Content.Personalization.PersonalizationEditorObjectInfo, OverhaulMod]], mscorlib","$values":[]},"PropertyValues":{"$type":"System.Collections.Generic.Dictionary`2[[System.String, mscorlib],[System.Object, mscorlib]], mscorlib","volumeSettingPresets":{"$type":"System.Collections.Generic.Dictionary`2[[OverhaulMod.Engine.WeaponVariant, OverhaulMod],[OverhaulMod.Content.Personalization.VolumeSettingsPreset, OverhaulMod]], mscorlib","Normal":{"$type":"OverhaulMod.Content.Personalization.VolumeSettingsPreset, OverhaulMod","VoxFilePath":"714a54e6_DefiledGreatsword\\files\\Defiled_3_Greatsword.vox","VoxelSize":0.02,"CenterPivot":true,"ColorReplacements":"A34242FF-A34242FF|CF7353FF-CF7353FF|882830FF-882830FF|E2A475FF-E2A475FF|192B36FF-192B36FF|F2E558FF-F2EAB8FF|10121CFF-10121CFF|2C4633FF-2C4633FF|581A30FF-581A30FF|3A1E1EFF-3A1E1EFF|54614FFF-54614FFF|B26D37FF-B26D37FF|D6B361FF-D6B361FF|F1EFC8FF-F1EFC8FF|79392BFF-79392BFF|737A73FF-737A73FF|1C0410FF-1C0410FF|240E0EFF-240E0EFF|000000FF-000000FF|512020FF-512020FF|2C081BFF-2C081BFF","ReplaceWithFavoriteColors":{"$type":"System.Collections.Generic.Dictionary`2[[System.String, mscorlib],[OverhaulMod.Content.Personalization.FavoriteColorSettings, OverhaulMod]], mscorlib"}},"OnFire":{"$type":"OverhaulMod.Content.Personalization.VolumeSettingsPreset, OverhaulMod","VoxFilePath":"714a54e6_DefiledGreatsword\\files\\Defiled_3_Greatsword.vox","VoxelSize":0.02,"CenterPivot":true,"ColorReplacements":"A34242FF-902B27CE|CF7353FF-C53929E3|882830FF-581719CA|E2A475FF-F37445ED|192B36FF-192B36FF|F2E558FF-F2E5D77D|10121CFF-10121CFF|2C4633FF-2C4633FF|581A30FF-340F18B1|3A1E1EFF-21090D98|54614FFF-54614FFF|B26D37FF-B26D37FF|D6B361FF-D6B361FF|F1EFC8FF-F1EFC8FF|79392BFF-79392BFF|737A73FF-737A73FF|1C0410FF-1C0410FF|240E0EFF-240E0EFF|000000FF-000000FF|512020FF-512020FF|2C081BFF-2C081BFF","ReplaceWithFavoriteColors":{"$type":"System.Collections.Generic.Dictionary`2[[System.String, mscorlib],[OverhaulMod.Content.Personalization.FavoriteColorSettings, OverhaulMod]], mscorlib"}}}},"UniqueIndex":1,"NextUniqueIndex":0},{"$type":"OverhaulMod.Content.Personalization.PersonalizationEditorObjectInfo, OverhaulMod","PositionArray":{"$type":"System.Single[], mscorlib","$values":[2.45,0.0,0.0]},"EulerAnglesArray":{"$type":"System.Single[], mscorlib","$values":[0.0,90.0,0.0]},"ScaleArray":{"$type":"System.Single[], mscorlib","$values":[0.008,0.008,0.008]},"Name":"Fire particles (Hammer)","Path":"FireParticles_Hammer","IsRoot":false,"Children":{"$type":"System.Collections.Generic.List`1[[OverhaulMod.Content.Personalization.PersonalizationEditorObjectInfo, OverhaulMod]], mscorlib","$values":[]},"PropertyValues":{"$type":"System.Collections.Generic.Dictionary`2[[System.String, mscorlib],[System.Object, mscorlib]], mscorlib","enableIfWeaponVariant":2},"UniqueIndex":2,"NextUniqueIndex":0}]},"PropertyValues":{"$type":"System.Collections.Generic.Dictionary`2[[System.String, mscorlib],[System.Object, mscorlib]], mscorlib"},"UniqueIndex":0,"NextUniqueIndex":2}}