{"$type":"OverhaulMod.Content.Personalization.PersonalizationItemInfo, OverhaulMod","Name":"The Ultimate Bow","Description":"Orespawn mentioned :speak: :fire: :fire: (Minecraft mod)","IsSentForVerification":false,"IsVerified":true,"ReuploadedTheItem":false,"ItemID":"615dc029-37e1-4915-8076-9f8028c46160","EditorID":"76561199177742030","Authors":{"$type":"System.Collections.Generic.List`1[[System.String, mscorlib]], mscorlib","$values":["bow1__"]},"ExclusiveFor_V2":{"$type":"System.Collections.Generic.List`1[[OverhaulMod.Content.Personalization.PersonalizationItemLockInfo, OverhaulMod]], mscorlib","$values":[]},"Category":1,"Weapon":2,"HideBowStrings":true,"BowStringsWidth":1.0,"OverrideParent":null,"BodyPartName":"Head","Version":0,"RootObject":{"$type":"OverhaulMod.Content.Personalization.PersonalizationEditorObjectInfo, OverhaulMod","PositionArray":{"$type":"System.Single[], mscorlib","$values":[0.0,0.0,0.0]},"EulerAnglesArray":{"$type":"System.Single[], mscorlib","$values":[0.0,0.0,0.0]},"ScaleArray":{"$type":"System.Single[], mscorlib","$values":[1.0,1.0,1.0]},"Name":"Root","Path":"Empty","IsRoot":true,"Children":{"$type":"System.Collections.Generic.List`1[[OverhaulMod.Content.Personalization.PersonalizationEditorObjectInfo, OverhaulMod]], mscorlib","$values":[{"$type":"OverhaulMod.Content.Personalization.PersonalizationEditorObjectInfo, OverhaulMod","PositionArray":{"$type":"System.Single[], mscorlib","$values":[0.37,0.01,-0.01]},"EulerAnglesArray":{"$type":"System.Single[], mscorlib","$values":[315.0,270.0,180.0]},"ScaleArray":{"$type":"System.Single[], mscorlib","$values":[1.0,0.9,1.0]},"Name":"UBow","Path":"Volume","IsRoot":false,"Children":{"$type":"System.Collections.Generic.List`1[[OverhaulMod.Content.Personalization.PersonalizationEditorObjectInfo, OverhaulMod]], mscorlib","$values":[]},"PropertyValues":{"$type":"System.Collections.Generic.Dictionary`2[[System.String, mscorlib],[System.Object, mscorlib]], mscorlib","volumeSettingPresets":{"$type":"System.Collections.Generic.Dictionary`2[[OverhaulMod.Engine.WeaponVariant2, OverhaulMod],[OverhaulMod.Content.Personalization.VolumeSettingsPreset, OverhaulMod]], mscorlib","Normal":{"$type":"OverhaulMod.Content.Personalization.VolumeSettingsPreset, OverhaulMod","VoxFilePath":"615dc029\\files\\UltimateBow_Skin.vox","VoxelSize":0.065,"CenterPivot":true,"ColorReplacements":"080378FF-080378FF|031EBAFF-031EBAFF|686868FF-686868FF|525252FF-525252FF|242424FF-242424FF|797979FF-797979FF|018CC2FF-018CC2FF|01C284FF-01C284FF|696969FF-696969FF|17C201FF-17C201FF|A5A4A4FF-A5A4A4FF|6ACF01FF-6ACF01FF|535353FF-535353FF|807E7EFF-807E7EFF|999696FF-999696FF|CFCF01FF-CFCF01FF|403E3EFF-403E3EFF|8E8E8EFF-8E8E8EFF|EEE2FDFF-EEE2FDFF|3B3B3BFF-3B3B3BFF|262525FF-262525FF|707070FF-707070FF","ReplaceWithFavoriteColors":{"$type":"System.Collections.Generic.Dictionary`2[[System.String, mscorlib],[OverhaulMod.Content.Personalization.FavoriteColorSettings, OverhaulMod]], mscorlib"}}},"hideIfNoPreset":false,"enableIfWeaponVariant":0},"UniqueIndex":1,"NextUniqueIndex":0}]},"PropertyValues":{"$type":"System.Collections.Generic.Dictionary`2[[System.String, mscorlib],[System.Object, mscorlib]], mscorlib"},"UniqueIndex":0,"NextUniqueIndex":4},"Offsets":{"$type":"OverhaulMod.Content.Personalization.PersonalizationItemOffsetList, OverhaulMod"}}