{"$type":"OverhaulMod.Content.Personalization.PersonalizationItemInfo, OverhaulMod","Name":"Zenith (Terraria)","Description":"Zenith sword from Terraria","IsSentForVerification":false,"IsVerified":true,"ReuploadedTheItem":false,"ItemID":"d3bb8b06-b818-43eb-b62e-00d8ef003854","EditorID":"76561199209982619","Authors":{"$type":"System.Collections.Generic.List`1[[System.String, mscorlib]], mscorlib","$values":["Adsky_Hues0s"]},"ExclusiveFor_V2":{"$type":"System.Collections.Generic.List`1[[OverhaulMod.Content.Personalization.PersonalizationItemLockInfo, OverhaulMod]], mscorlib","$values":[]},"Category":1,"Weapon":1,"HideBowStrings":false,"BowStringsWidth":1.0,"OverrideParent":null,"BodyPartName":"Head","Version":0,"RootObject":{"$type":"OverhaulMod.Content.Personalization.PersonalizationEditorObjectInfo, OverhaulMod","PositionArray":{"$type":"System.Single[], mscorlib","$values":[0.0,0.0,0.0]},"EulerAnglesArray":{"$type":"System.Single[], mscorlib","$values":[0.0,0.0,0.0]},"ScaleArray":{"$type":"System.Single[], mscorlib","$values":[1.0,1.0,1.0]},"Name":"Root","Path":"Empty","IsRoot":true,"Children":{"$type":"System.Collections.Generic.List`1[[OverhaulMod.Content.Personalization.PersonalizationEditorObjectInfo, OverhaulMod]], mscorlib","$values":[{"$type":"OverhaulMod.Content.Personalization.PersonalizationEditorObjectInfo, OverhaulMod","PositionArray":{"$type":"System.Single[], mscorlib","$values":[0.0,0.0,1.0]},"EulerAnglesArray":{"$type":"System.Single[], mscorlib","$values":[0.0,318.0,270.0]},"ScaleArray":{"$type":"System.Single[], mscorlib","$values":[0.79,0.79,0.79]},"Name":"Model Renderer (.vox)","Path":"Volume","IsRoot":false,"Children":{"$type":"System.Collections.Generic.List`1[[OverhaulMod.Content.Personalization.PersonalizationEditorObjectInfo, OverhaulMod]], mscorlib","$values":[]},"PropertyValues":{"$type":"System.Collections.Generic.Dictionary`2[[System.String, mscorlib],[System.Object, mscorlib]], mscorlib","volumeSettingPresets":{"$type":"System.Collections.Generic.Dictionary`2[[OverhaulMod.Engine.WeaponVariant, OverhaulMod],[OverhaulMod.Content.Personalization.VolumeSettingsPreset, OverhaulMod]], mscorlib","Normal":{"$type":"OverhaulMod.Content.Personalization.VolumeSettingsPreset, OverhaulMod","VoxFilePath":"d3bb8b06_ZenithTerraria\\files\\Zenith_rngg.vox","VoxelSize":0.1,"CenterPivot":true,"ColorReplacements":"0F547DFF-0F547DFF|421534FF-421534FF|E1ED9FFF-E1ED9FFF|6ECBBDFF-6ECBBDFF|4EA699FF-4EA699FF|181630FF-181630FF|634ABBFF-634ABBFF|2F2E71FF-2F2E71FF|5569B5FF-5569B5FF|6F2357FF-6F2357FF|E5EBF2FF-E5EBF2FF|EECBE6FF-EECBE6FF|B2A5E2FF-B2A5E2FF|2A2752FF-2A2752FF","ReplaceWithFavoriteColors":{"$type":"System.Collections.Generic.Dictionary`2[[System.String, mscorlib],[OverhaulMod.Content.Personalization.FavoriteColorSettings, OverhaulMod]], mscorlib"}},"OnFire":{"$type":"OverhaulMod.Content.Personalization.VolumeSettingsPreset, OverhaulMod","VoxFilePath":"d3bb8b06_ZenithTerraria\\files\\Zenith_rngg.vox","VoxelSize":0.1,"CenterPivot":true,"ColorReplacements":"421534FF-FF1534FF|E1ED9FFF-E1ED9FFF|6ECBBDFF-6ECBBDFF|4EA699FF-4EA699FF|0F547DFF-0F547DFF|181630FF-181630FF|634ABBFF-634ABBFF|2F2E71FF-2F2E71FF|5569B5FF-5569B5FF|6F2357FF-6F2357FF|E5EBF2FF-E5EBF2FF|EECBE6FF-EECBE6FF|B2A5E2FF-B2A5E2FF|2A2752FF-2A2752FF","ReplaceWithFavoriteColors":{"$type":"System.Collections.Generic.Dictionary`2[[System.String, mscorlib],[OverhaulMod.Content.Personalization.FavoriteColorSettings, OverhaulMod]], mscorlib","421534FF":{"$type":"OverhaulMod.Content.Personalization.FavoriteColorSettings, OverhaulMod","SaturationMultiplier":0.84,"BrightnessMultiplier":1.0,"GlowPercent":0.45},"634ABBFF":{"$type":"OverhaulMod.Content.Personalization.FavoriteColorSettings, OverhaulMod","SaturationMultiplier":0.7,"BrightnessMultiplier":1.0,"GlowPercent":0.13},"2F2E71FF":{"$type":"OverhaulMod.Content.Personalization.FavoriteColorSettings, OverhaulMod","SaturationMultiplier":0.7,"BrightnessMultiplier":1.0,"GlowPercent":0.08},"6ECBBDFF":{"$type":"OverhaulMod.Content.Personalization.FavoriteColorSettings, OverhaulMod","SaturationMultiplier":0.7,"BrightnessMultiplier":1.0,"GlowPercent":0.84},"E1ED9FFF":{"$type":"OverhaulMod.Content.Personalization.FavoriteColorSettings, OverhaulMod","SaturationMultiplier":0.93,"BrightnessMultiplier":0.71,"GlowPercent":0.47}}},"NormalMultiplayer":{"$type":"OverhaulMod.Content.Personalization.VolumeSettingsPreset, OverhaulMod","VoxFilePath":"d3bb8b06_ZenithTerraria\\files\\Zenith_rngg.vox","VoxelSize":0.11,"CenterPivot":true,"ColorReplacements":"421534FF-421534FF|E1ED9FFF-E1ED9FFF|6ECBBDFF-6ECBBDFF|4EA699FF-4EA699FF|0F547DFF-0F547DFF|181630FF-181630FF|634ABBFF-634ABBFF|2F2E71FF-2F2E71FF|5569B5FF-5569B5FF|6F2357FF-6F2357FF|E5EBF2FF-E5EBF2FF|EECBE6FF-EECBE6FF|B2A5E2FF-B2A5E2FF|2A2752FF-2A2752FF","ReplaceWithFavoriteColors":{"$type":"System.Collections.Generic.Dictionary`2[[System.String, mscorlib],[OverhaulMod.Content.Personalization.FavoriteColorSettings, OverhaulMod]], mscorlib"}},"OnFireMultiplayer":{"$type":"OverhaulMod.Content.Personalization.VolumeSettingsPreset, OverhaulMod","VoxFilePath":"d3bb8b06_ZenithTerraria\\files\\Zenith_rngg.vox","VoxelSize":0.11,"CenterPivot":true,"ColorReplacements":"421534FF-FF1534FF|E1ED9FFF-E1ED9FFF|6ECBBDFF-6ECBBDFF|4EA699FF-4EA699FF|0F547DFF-0F547DFF|181630FF-181630FF|634ABBFF-634ABBFF|2F2E71FF-2F2E71FF|5569B5FF-5569B5FF|6F2357FF-6F2357FF|E5EBF2FF-E5EBF2FF|EECBE6FF-EECBE6FF|B2A5E2FF-B2A5E2FF|2A2752FF-2A2752FF","ReplaceWithFavoriteColors":{"$type":"System.Collections.Generic.Dictionary`2[[System.String, mscorlib],[OverhaulMod.Content.Personalization.FavoriteColorSettings, OverhaulMod]], mscorlib","421534FF":{"$type":"OverhaulMod.Content.Personalization.FavoriteColorSettings, OverhaulMod","SaturationMultiplier":0.84,"BrightnessMultiplier":1.0,"GlowPercent":0.45},"634ABBFF":{"$type":"OverhaulMod.Content.Personalization.FavoriteColorSettings, OverhaulMod","SaturationMultiplier":0.7,"BrightnessMultiplier":1.0,"GlowPercent":0.13},"2F2E71FF":{"$type":"OverhaulMod.Content.Personalization.FavoriteColorSettings, OverhaulMod","SaturationMultiplier":0.7,"BrightnessMultiplier":1.0,"GlowPercent":0.08},"6ECBBDFF":{"$type":"OverhaulMod.Content.Personalization.FavoriteColorSettings, OverhaulMod","SaturationMultiplier":0.7,"BrightnessMultiplier":1.0,"GlowPercent":0.84},"E1ED9FFF":{"$type":"OverhaulMod.Content.Personalization.FavoriteColorSettings, OverhaulMod","SaturationMultiplier":0.93,"BrightnessMultiplier":0.71,"GlowPercent":0.47}}}},"hideIfNoPreset":false,"enableIfWeaponVariant":0},"UniqueIndex":1,"NextUniqueIndex":0},{"$type":"OverhaulMod.Content.Personalization.PersonalizationEditorObjectInfo, OverhaulMod","PositionArray":{"$type":"System.Single[], mscorlib","$values":[0.0,0.0,0.3]},"EulerAnglesArray":{"$type":"System.Single[], mscorlib","$values":[0.0,0.0,0.0]},"ScaleArray":{"$type":"System.Single[], mscorlib","$values":[0.01,0.015,0.011]},"Name":"Fire particles (Sword)","Path":"FireParticles_Sword","IsRoot":false,"Children":{"$type":"System.Collections.Generic.List`1[[OverhaulMod.Content.Personalization.PersonalizationEditorObjectInfo, OverhaulMod]], mscorlib","$values":[]},"PropertyValues":{"$type":"System.Collections.Generic.Dictionary`2[[System.String, mscorlib],[System.Object, mscorlib]], mscorlib","enableIfWeaponVariant":2},"UniqueIndex":5,"NextUniqueIndex":0},{"$type":"OverhaulMod.Content.Personalization.PersonalizationEditorObjectInfo, OverhaulMod","PositionArray":{"$type":"System.Single[], mscorlib","$values":[0.0,0.0,0.3]},"EulerAnglesArray":{"$type":"System.Single[], mscorlib","$values":[0.0,0.0,0.0]},"ScaleArray":{"$type":"System.Single[], mscorlib","$values":[0.01,0.015,0.012]},"Name":"Fire particles (Sword)","Path":"FireParticles_Sword","IsRoot":false,"Children":{"$type":"System.Collections.Generic.List`1[[OverhaulMod.Content.Personalization.PersonalizationEditorObjectInfo, OverhaulMod]], mscorlib","$values":[]},"PropertyValues":{"$type":"System.Collections.Generic.Dictionary`2[[System.String, mscorlib],[System.Object, mscorlib]], mscorlib","enableIfWeaponVariant":4},"UniqueIndex":6,"NextUniqueIndex":0}]},"PropertyValues":{"$type":"System.Collections.Generic.Dictionary`2[[System.String, mscorlib],[System.Object, mscorlib]], mscorlib"},"UniqueIndex":0,"NextUniqueIndex":6},"Offsets":{"$type":"OverhaulMod.Content.Personalization.PersonalizationItemOffsetList, OverhaulMod"}}