{"$type":"OverhaulMod.Content.Personalization.PersonalizationItemInfo, OverhaulMod","Name":"Diamond Longsword","Description":"The Diamond sword I made was a little short, so in MkII I attempt to fix that.\n\nShould in theory be visually consistent with the hitbox.","IsSentForVerification":false,"IsVerified":true,"ReuploadedTheItem":false,"ItemID":"415d9c10-efd6-432d-83bf-24d21daa89d3","EditorID":"76561198203802360","Authors":{"$type":"System.Collections.Generic.List`1[[System.String, mscorlib]], mscorlib","$values":["Pewter"]},"ExclusiveFor_V2":{"$type":"System.Collections.Generic.List`1[[OverhaulMod.Content.Personalization.PersonalizationItemLockInfo, OverhaulMod]], mscorlib","$values":[]},"Category":1,"Weapon":1,"HideBowStrings":false,"BowStringsWidth":1.0,"OverrideParent":null,"BodyPartName":"Head","Version":0,"RootObject":{"$type":"OverhaulMod.Content.Personalization.PersonalizationEditorObjectInfo, OverhaulMod","PositionArray":{"$type":"System.Single[], mscorlib","$values":[0.0,0.0,0.0]},"EulerAnglesArray":{"$type":"System.Single[], mscorlib","$values":[0.0,0.0,0.0]},"ScaleArray":{"$type":"System.Single[], mscorlib","$values":[1.0,1.0,1.0]},"Name":"Root","Path":"Empty","IsRoot":true,"Children":{"$type":"System.Collections.Generic.List`1[[OverhaulMod.Content.Personalization.PersonalizationEditorObjectInfo, OverhaulMod]], mscorlib","$values":[{"$type":"OverhaulMod.Content.Personalization.PersonalizationEditorObjectInfo, OverhaulMod","PositionArray":{"$type":"System.Single[], mscorlib","$values":[0.0,0.0,0.97]},"EulerAnglesArray":{"$type":"System.Single[], mscorlib","$values":[0.0,45.0000038,0.0]},"ScaleArray":{"$type":"System.Single[], mscorlib","$values":[1.0,1.0,1.0]},"Name":"Model Renderer (.vox)","Path":"Volume","IsRoot":false,"Children":{"$type":"System.Collections.Generic.List`1[[OverhaulMod.Content.Personalization.PersonalizationEditorObjectInfo, OverhaulMod]], mscorlib","$values":[]},"PropertyValues":{"$type":"System.Collections.Generic.Dictionary`2[[System.String, mscorlib],[System.Object, mscorlib]], mscorlib","volumeSettingPresets":{"$type":"System.Collections.Generic.Dictionary`2[[OverhaulMod.Engine.WeaponVariant2, OverhaulMod],[OverhaulMod.Content.Personalization.VolumeSettingsPreset, OverhaulMod]], mscorlib","Normal":{"$type":"OverhaulMod.Content.Personalization.VolumeSettingsPreset, OverhaulMod","VoxFilePath":"415d9c10_DiamondLongsword\\files\\longsworder 2.vox","VoxelSize":0.1,"CenterPivot":true,"ColorReplacements":"0E4036FF-0E4036FF|092520FF-092520FF|176257FF-176257FF|493616FF-493616FF|684E1EFF-684E1EFF|166357FF-166357FF|8A6727FF-8A6727FF|291E0BFF-291E0BFF|1E8A78FF-1E8A78FF|0A2621FF-0A2621FF|33ECCBFF-33ECCBFF|2AC7ABFF-2AC7ABFF|A4FDEDFF-A4FDEDFF","ReplaceWithFavoriteColors":{"$type":"System.Collections.Generic.Dictionary`2[[System.String, mscorlib],[OverhaulMod.Content.Personalization.FavoriteColorSettings, OverhaulMod]], mscorlib","C8C8C8FF":{"$type":"OverhaulMod.Content.Personalization.FavoriteColorSettings, OverhaulMod","SaturationMultiplier":0.69,"BrightnessMultiplier":1.0,"GlowPercent":0.17},"919191FF":{"$type":"OverhaulMod.Content.Personalization.FavoriteColorSettings, OverhaulMod","SaturationMultiplier":0.34,"BrightnessMultiplier":0.8,"GlowPercent":0.07},"000000FF":{"$type":"OverhaulMod.Content.Personalization.FavoriteColorSettings, OverhaulMod","SaturationMultiplier":0.73,"BrightnessMultiplier":0.83,"GlowPercent":0.03},"FFFFFFFF":{"$type":"OverhaulMod.Content.Personalization.FavoriteColorSettings, OverhaulMod","SaturationMultiplier":0.78,"BrightnessMultiplier":1.0,"GlowPercent":0.35},"404040FF":{"$type":"OverhaulMod.Content.Personalization.FavoriteColorSettings, OverhaulMod","SaturationMultiplier":0.74,"BrightnessMultiplier":0.82,"GlowPercent":0.06}}},"NormalMultiplayer":{"$type":"OverhaulMod.Content.Personalization.VolumeSettingsPreset, OverhaulMod","VoxFilePath":"415d9c10_DiamondLongsword\\files\\longsworder 2.vox","VoxelSize":0.109,"CenterPivot":true,"ColorReplacements":"0E4036FF-0E4036FF|092520FF-092520FF|176257FF-176257FF|493616FF-493616FF|684E1EFF-684E1EFF|166357FF-166357FF|8A6727FF-8A6727FF|291E0BFF-291E0BFF|1E8A78FF-1E8A78FF|0A2621FF-0A2621FF|33ECCBFF-33ECCBFF|2AC7ABFF-2AC7ABFF|A4FDEDFF-A4FDEDFF","ReplaceWithFavoriteColors":{"$type":"System.Collections.Generic.Dictionary`2[[System.String, mscorlib],[OverhaulMod.Content.Personalization.FavoriteColorSettings, OverhaulMod]], mscorlib","C8C8C8FF":{"$type":"OverhaulMod.Content.Personalization.FavoriteColorSettings, OverhaulMod","SaturationMultiplier":0.69,"BrightnessMultiplier":1.0,"GlowPercent":0.17},"919191FF":{"$type":"OverhaulMod.Content.Personalization.FavoriteColorSettings, OverhaulMod","SaturationMultiplier":0.34,"BrightnessMultiplier":0.8,"GlowPercent":0.07},"000000FF":{"$type":"OverhaulMod.Content.Personalization.FavoriteColorSettings, OverhaulMod","SaturationMultiplier":0.73,"BrightnessMultiplier":0.83,"GlowPercent":0.03},"FFFFFFFF":{"$type":"OverhaulMod.Content.Personalization.FavoriteColorSettings, OverhaulMod","SaturationMultiplier":0.78,"BrightnessMultiplier":1.0,"GlowPercent":0.35},"404040FF":{"$type":"OverhaulMod.Content.Personalization.FavoriteColorSettings, OverhaulMod","SaturationMultiplier":0.74,"BrightnessMultiplier":0.82,"GlowPercent":0.06}}},"OnFire":{"$type":"OverhaulMod.Content.Personalization.VolumeSettingsPreset, OverhaulMod","VoxFilePath":"415d9c10_DiamondLongsword\\files\\longsworder glow.vox","VoxelSize":0.1,"CenterPivot":true,"ColorReplacements":"0E4036FF-0E4036FF|092520FF-092520FF|176257FF-176257FF|493616FF-493616FF|684E1EFF-684E1EFF|166357FF-166357FF|8A6727FF-8A6727FF|291E0BFF-291E0BFF|1E8A78FF-1E8A78FF|0A2621FF-0A2621FF|404040FF-404040FF|C8C8C8FF-C8C8C8FF|919191FF-919191FF|000000FF-000000FF|FFFFFFFF-FFFFFFFF","ReplaceWithFavoriteColors":{"$type":"System.Collections.Generic.Dictionary`2[[System.String, mscorlib],[OverhaulMod.Content.Personalization.FavoriteColorSettings, OverhaulMod]], mscorlib","C8C8C8FF":{"$type":"OverhaulMod.Content.Personalization.FavoriteColorSettings, OverhaulMod","SaturationMultiplier":0.69,"BrightnessMultiplier":1.0,"GlowPercent":0.17},"919191FF":{"$type":"OverhaulMod.Content.Personalization.FavoriteColorSettings, OverhaulMod","SaturationMultiplier":0.34,"BrightnessMultiplier":0.8,"GlowPercent":0.07},"000000FF":{"$type":"OverhaulMod.Content.Personalization.FavoriteColorSettings, OverhaulMod","SaturationMultiplier":0.73,"BrightnessMultiplier":0.83,"GlowPercent":0.03},"FFFFFFFF":{"$type":"OverhaulMod.Content.Personalization.FavoriteColorSettings, OverhaulMod","SaturationMultiplier":0.78,"BrightnessMultiplier":1.0,"GlowPercent":0.35},"404040FF":{"$type":"OverhaulMod.Content.Personalization.FavoriteColorSettings, OverhaulMod","SaturationMultiplier":0.74,"BrightnessMultiplier":0.82,"GlowPercent":0.06}}},"OnFireMultiplayer":{"$type":"OverhaulMod.Content.Personalization.VolumeSettingsPreset, OverhaulMod","VoxFilePath":"415d9c10_DiamondLongsword\\files\\longsworder glow.vox","VoxelSize":0.109,"CenterPivot":true,"ColorReplacements":"0E4036FF-0E4036FF|092520FF-092520FF|176257FF-176257FF|493616FF-493616FF|684E1EFF-684E1EFF|166357FF-166357FF|8A6727FF-8A6727FF|291E0BFF-291E0BFF|1E8A78FF-1E8A78FF|0A2621FF-0A2621FF|404040FF-404040FF|C8C8C8FF-C8C8C8FF|919191FF-919191FF|000000FF-000000FF|FFFFFFFF-FFFFFFFF","ReplaceWithFavoriteColors":{"$type":"System.Collections.Generic.Dictionary`2[[System.String, mscorlib],[OverhaulMod.Content.Personalization.FavoriteColorSettings, OverhaulMod]], mscorlib","C8C8C8FF":{"$type":"OverhaulMod.Content.Personalization.FavoriteColorSettings, OverhaulMod","SaturationMultiplier":0.69,"BrightnessMultiplier":1.0,"GlowPercent":0.17},"919191FF":{"$type":"OverhaulMod.Content.Personalization.FavoriteColorSettings, OverhaulMod","SaturationMultiplier":0.34,"BrightnessMultiplier":0.8,"GlowPercent":0.07},"000000FF":{"$type":"OverhaulMod.Content.Personalization.FavoriteColorSettings, OverhaulMod","SaturationMultiplier":0.73,"BrightnessMultiplier":0.83,"GlowPercent":0.03},"FFFFFFFF":{"$type":"OverhaulMod.Content.Personalization.FavoriteColorSettings, OverhaulMod","SaturationMultiplier":0.78,"BrightnessMultiplier":1.0,"GlowPercent":0.35},"404040FF":{"$type":"OverhaulMod.Content.Personalization.FavoriteColorSettings, OverhaulMod","SaturationMultiplier":0.74,"BrightnessMultiplier":0.82,"GlowPercent":0.06}}}}},"UniqueIndex":1,"NextUniqueIndex":0},{"$type":"OverhaulMod.Content.Personalization.PersonalizationEditorObjectInfo, OverhaulMod","PositionArray":{"$type":"System.Single[], mscorlib","$values":[0.0,0.0,0.4]},"EulerAnglesArray":{"$type":"System.Single[], mscorlib","$values":[0.0,0.0,0.0]},"ScaleArray":{"$type":"System.Single[], mscorlib","$values":[0.011,0.011,0.012]},"Name":"Fire particles (Sword)","Path":"FireParticles_Sword","IsRoot":false,"Children":{"$type":"System.Collections.Generic.List`1[[OverhaulMod.Content.Personalization.PersonalizationEditorObjectInfo, OverhaulMod]], mscorlib","$values":[]},"PropertyValues":{"$type":"System.Collections.Generic.Dictionary`2[[System.String, mscorlib],[System.Object, mscorlib]], mscorlib","enableIfWeaponVariant":2,"enableSmoke":false,"applyFavoriteColor":true,"favoriteColorBrightness":1.0,"favoriteColorHueOffset":0.0,"favoriteColorSaturation":1.0},"UniqueIndex":4,"NextUniqueIndex":0},{"$type":"OverhaulMod.Content.Personalization.PersonalizationEditorObjectInfo, OverhaulMod","PositionArray":{"$type":"System.Single[], mscorlib","$values":[0.0,0.0,0.0]},"EulerAnglesArray":{"$type":"System.Single[], mscorlib","$values":[0.0,0.0,0.0]},"ScaleArray":{"$type":"System.Single[], mscorlib","$values":[0.012,0.012,0.014]},"Name":"Fire particles (Sword)","Path":"FireParticles_Sword","IsRoot":false,"Children":{"$type":"System.Collections.Generic.List`1[[OverhaulMod.Content.Personalization.PersonalizationEditorObjectInfo, OverhaulMod]], mscorlib","$values":[]},"PropertyValues":{"$type":"System.Collections.Generic.Dictionary`2[[System.String, mscorlib],[System.Object, mscorlib]], mscorlib","enableIfWeaponVariant":4,"applyFavoriteColor":true,"favoriteColorHueOffset":0.0,"favoriteColorBrightness":1.0,"enableSmoke":false},"UniqueIndex":5,"NextUniqueIndex":0}]},"PropertyValues":{"$type":"System.Collections.Generic.Dictionary`2[[System.String, mscorlib],[System.Object, mscorlib]], mscorlib"},"UniqueIndex":0,"NextUniqueIndex":5}}