{"$type":"OverhaulMod.Content.Personalization.PersonalizationItemInfo, OverhaulMod","Name":"Galaxia","Description":"Terraria Calamity Mod Lategame Weapon.","IsSentForVerification":false,"IsVerified":true,"ReuploadedTheItem":false,"ItemID":"309280f9-25f1-4109-a1be-dfac2231912a","EditorID":"76561199178416349","Authors":{"$type":"System.Collections.Generic.List`1[[System.String, mscorlib]], mscorlib","$values":["Bradel02"]},"ExclusiveFor_V2":{"$type":"System.Collections.Generic.List`1[[OverhaulMod.Content.Personalization.PersonalizationItemLockInfo, OverhaulMod]], mscorlib","$values":[]},"Category":1,"Weapon":1,"HideBowStrings":false,"BowStringsWidth":1.0,"OverrideParent":null,"BodyPartName":"Head","Version":0,"RootObject":{"$type":"OverhaulMod.Content.Personalization.PersonalizationEditorObjectInfo, OverhaulMod","PositionArray":{"$type":"System.Single[], mscorlib","$values":[0.0,0.0,0.0]},"EulerAnglesArray":{"$type":"System.Single[], mscorlib","$values":[0.0,0.0,0.0]},"ScaleArray":{"$type":"System.Single[], mscorlib","$values":[1.0,1.0,1.0]},"Name":"Root","Path":"Empty","IsRoot":true,"Children":{"$type":"System.Collections.Generic.List`1[[OverhaulMod.Content.Personalization.PersonalizationEditorObjectInfo, OverhaulMod]], mscorlib","$values":[{"$type":"OverhaulMod.Content.Personalization.PersonalizationEditorObjectInfo, OverhaulMod","PositionArray":{"$type":"System.Single[], mscorlib","$values":[0.0,0.0,1.0]},"EulerAnglesArray":{"$type":"System.Single[], mscorlib","$values":[0.0,315.0,0.0]},"ScaleArray":{"$type":"System.Single[], mscorlib","$values":[0.5,0.25,0.5]},"Name":"Normal Variant","Path":"Volume","IsRoot":false,"Children":{"$type":"System.Collections.Generic.List`1[[OverhaulMod.Content.Personalization.PersonalizationEditorObjectInfo, OverhaulMod]], mscorlib","$values":[]},"PropertyValues":{"$type":"System.Collections.Generic.Dictionary`2[[System.String, mscorlib],[System.Object, mscorlib]], mscorlib","volumeSettingPresets":{"$type":"System.Collections.Generic.Dictionary`2[[OverhaulMod.Engine.WeaponVariant2, OverhaulMod],[OverhaulMod.Content.Personalization.VolumeSettingsPreset, OverhaulMod]], mscorlib","Normal":{"$type":"OverhaulMod.Content.Personalization.VolumeSettingsPreset, OverhaulMod","VoxFilePath":"309280f9_Galaxia\\files\\Galaxia.vox","VoxelSize":0.1,"CenterPivot":true,"ColorReplacements":"663333FF-663333FF|333333FF-333333FF|888888FF-888888FF|336666FF-336666FF|99FFCCFF-99FFCCFF|CCCC99FF-CCCC99FF|666666FF-666666FF|996666FF-996666FF|330033FF-330033FF|993333FF-993333FF|990066FF-990066FF|333366FF-333366FF|660066FF-660066FF|FF6699FF-FF6699FF|FFFFFFFF-FFFFFFFF|CC0066FF-CC0066FF|555555FF-555555FF|CCFFFFFF-CCFFFFFF|006666FF-006666FF|666699FF-666699FF|330066FF-330066FF|FF3399FF-FF3399FF|CC9999FF-CC9999FF|CC33CCFF-CC33CCFF|993399FF-993399FF|CC3366FF-CC3366FF|663366FF-663366FF|660033FF-660033FF|CC3333FF-CC3333FF|9966FFFF-9966FFFF","ReplaceWithFavoriteColors":{"$type":"System.Collections.Generic.Dictionary`2[[System.String, mscorlib],[OverhaulMod.Content.Personalization.FavoriteColorSettings, OverhaulMod]], mscorlib"}},"NormalMultiplayer":{"$type":"OverhaulMod.Content.Personalization.VolumeSettingsPreset, OverhaulMod","VoxFilePath":"309280f9_Galaxia\\files\\Galaxia.vox","VoxelSize":0.1,"CenterPivot":true,"ColorReplacements":"663333FF-663333FF|333333FF-333333FF|888888FF-888888FF|336666FF-336666FF|99FFCCFF-99FFCCFF|CCCC99FF-CCCC99FF|666666FF-666666FF|996666FF-996666FF|330033FF-330033FF|993333FF-993333FF|3333CCFF-3333CCFF|333366FF-333366FF|990066FF-990066FF|9999FFFF-9999FFFF|660066FF-660066FF|FF6699FF-FF6699FF|FFFFFFFF-FFFFFFFF|3366FFFF-3366FFFF|CC0066FF-CC0066FF|555555FF-555555FF|CCFFFFFF-CCFFFFFF|006666FF-006666FF|666699FF-666699FF|330066FF-330066FF|6666FFFF-6666FFFF|999999FF-999999FF|FF3399FF-FF3399FF|CC9999FF-CC9999FF|333399FF-333399FF|003399FF-003399FF|3366CCFF-3366CCFF|CC33CCFF-CC33CCFF|993399FF-993399FF|CC3366FF-CC3366FF|663366FF-663366FF|66CCFFFF-66CCFFFF|EEEEEEFF-EEEEEEFF|663399FF-663399FF|660033FF-660033FF|996633FF-996633FF|CC99FFFF-CC99FFFF|CC3333FF-CC3333FF|FFCC66FF-FFCC66FF|9966FFFF-9966FFFF","ReplaceWithFavoriteColors":{"$type":"System.Collections.Generic.Dictionary`2[[System.String, mscorlib],[OverhaulMod.Content.Personalization.FavoriteColorSettings, OverhaulMod]], mscorlib"}}},"hideIfNoPreset":true,"enableIfWeaponVariant":0},"UniqueIndex":1,"NextUniqueIndex":0},{"$type":"OverhaulMod.Content.Personalization.PersonalizationEditorObjectInfo, OverhaulMod","PositionArray":{"$type":"System.Single[], mscorlib","$values":[0.0,0.0,0.25]},"EulerAnglesArray":{"$type":"System.Single[], mscorlib","$values":[0.0,0.0,0.0]},"ScaleArray":{"$type":"System.Single[], mscorlib","$values":[0.015,0.015,0.015]},"Name":"Ambient particles","Path":"FireParticles_Sword","IsRoot":false,"Children":{"$type":"System.Collections.Generic.List`1[[OverhaulMod.Content.Personalization.PersonalizationEditorObjectInfo, OverhaulMod]], mscorlib","$values":[]},"PropertyValues":{"$type":"System.Collections.Generic.Dictionary`2[[System.String, mscorlib],[System.Object, mscorlib]], mscorlib","enableIfWeaponVariant":0,"color":"1400FFFF","enableSmoke":false},"UniqueIndex":2,"NextUniqueIndex":0},{"$type":"OverhaulMod.Content.Personalization.PersonalizationEditorObjectInfo, OverhaulMod","PositionArray":{"$type":"System.Single[], mscorlib","$values":[0.018,0.0,1.1]},"EulerAnglesArray":{"$type":"System.Single[], mscorlib","$values":[0.0,315.0,0.0]},"ScaleArray":{"$type":"System.Single[], mscorlib","$values":[0.5,0.25,0.5]},"Name":"Fire Variant","Path":"Volume","IsRoot":false,"Children":{"$type":"System.Collections.Generic.List`1[[OverhaulMod.Content.Personalization.PersonalizationEditorObjectInfo, OverhaulMod]], mscorlib","$values":[]},"PropertyValues":{"$type":"System.Collections.Generic.Dictionary`2[[System.String, mscorlib],[System.Object, mscorlib]], mscorlib","volumeSettingPresets":{"$type":"System.Collections.Generic.Dictionary`2[[OverhaulMod.Engine.WeaponVariant2, OverhaulMod],[OverhaulMod.Content.Personalization.VolumeSettingsPreset, OverhaulMod]], mscorlib","OnFire":{"$type":"OverhaulMod.Content.Personalization.VolumeSettingsPreset, OverhaulMod","VoxFilePath":"309280f9_Galaxia\\files\\FlameGalaxia.vox","VoxelSize":0.085,"CenterPivot":true,"ColorReplacements":"663333FF-663333FF|333333FF-333333FF|888888FF-888888FF|336666FF-336666FF|99FFCCFF-99FFCCFF|CCCC99FF-CCCC99FF|666666FF-666666FF|996666FF-996666FF|330033FF-330033FF|993333FF-993333FF|990066FF-990066FF|333366FF-333366FF|660066FF-660066FF|FF6699FF-FF6699FF|FFFFFFFF-FFFFFFFF|CC0066FF-CC0066FF|555555FF-555555FF|CCFFFFFF-CCFFFFFF|006666FF-006666FF|666699FF-666699FF|6699CCFF-6699CCFF|330066FF-330066FF|FF3399FF-FF3399FF|CC9999FF-CC9999FF|6666CCFF-6666CCFF|993399FF-993399FF|CC33CCFF-CC33CCFF|CC3333FF-CC3333FF","ReplaceWithFavoriteColors":{"$type":"System.Collections.Generic.Dictionary`2[[System.String, mscorlib],[OverhaulMod.Content.Personalization.FavoriteColorSettings, OverhaulMod]], mscorlib","99FFCCFF":{"$type":"OverhaulMod.Content.Personalization.FavoriteColorSettings, OverhaulMod","SaturationMultiplier":0.7,"BrightnessMultiplier":1.0,"GlowPercent":0.35}}},"OnFireMultiplayer":{"$type":"OverhaulMod.Content.Personalization.VolumeSettingsPreset, OverhaulMod","VoxFilePath":"309280f9_Galaxia\\files\\FlameGalaxia.vox","VoxelSize":0.085,"CenterPivot":true,"ColorReplacements":"663333FF-663333FF|333333FF-333333FF|888888FF-888888FF|336666FF-336666FF|CCCCFFFF-CCCCFFFF|99FFCCFF-99FFCCFF|CCCC99FF-CCCC99FF|666666FF-666666FF|996666FF-996666FF|330033FF-330033FF|993333FF-993333FF|3333CCFF-3333CCFF|555555FF-555555FF|990066FF-990066FF|333366FF-333366FF|9999FFFF-9999FFFF|444444FF-444444FF|660066FF-660066FF|FF6699FF-FF6699FF|6699CCFF-6699CCFF|6666CCFF-6666CCFF|99CCCCFF-99CCCCFF|FFFFFFFF-FFFFFFFF|CC0066FF-CC0066FF|3366FFFF-3366FFFF|336699FF-336699FF|666699FF-666699FF|CCFFFFFF-CCFFFFFF|006666FF-006666FF|003366FF-003366FF|333399FF-333399FF|330066FF-330066FF|6666FFFF-6666FFFF|663399FF-663399FF|996699FF-996699FF|FF3399FF-FF3399FF|CC9999FF-CC9999FF|663366FF-663366FF|CC6699FF-CC6699FF|993399FF-993399FF|EEEEEEFF-EEEEEEFF|3366CCFF-3366CCFF|CC33CCFF-CC33CCFF|999999FF-999999FF|999966FF-999966FF|9999CCFF-9999CCFF|3333FFFF-3333FFFF|6699FFFF-6699FFFF|CC3333FF-CC3333FF|9933CCFF-9933CCFF","ReplaceWithFavoriteColors":{"$type":"System.Collections.Generic.Dictionary`2[[System.String, mscorlib],[OverhaulMod.Content.Personalization.FavoriteColorSettings, OverhaulMod]], mscorlib"}}},"enableIfWeaponVariant":0,"hideIfNoPreset":true},"UniqueIndex":5,"NextUniqueIndex":0},{"$type":"OverhaulMod.Content.Personalization.PersonalizationEditorObjectInfo, OverhaulMod","PositionArray":{"$type":"System.Single[], mscorlib","$values":[0.0,0.0,0.25]},"EulerAnglesArray":{"$type":"System.Single[], mscorlib","$values":[0.0,0.0,0.0]},"ScaleArray":{"$type":"System.Single[], mscorlib","$values":[0.02,0.02,0.02]},"Name":"Fire particles SP 1","Path":"FireParticles_Sword","IsRoot":false,"Children":{"$type":"System.Collections.Generic.List`1[[OverhaulMod.Content.Personalization.PersonalizationEditorObjectInfo, OverhaulMod]], mscorlib","$values":[]},"PropertyValues":{"$type":"System.Collections.Generic.Dictionary`2[[System.String, mscorlib],[System.Object, mscorlib]], mscorlib","color":"1400FFFF","enableSmoke":true,"enableIfWeaponVariant":2},"UniqueIndex":6,"NextUniqueIndex":0},{"$type":"OverhaulMod.Content.Personalization.PersonalizationEditorObjectInfo, OverhaulMod","PositionArray":{"$type":"System.Single[], mscorlib","$values":[0.0,-0.05,0.215]},"EulerAnglesArray":{"$type":"System.Single[], mscorlib","$values":[90.0,0.0,0.0]},"ScaleArray":{"$type":"System.Single[], mscorlib","$values":[0.01,0.01,0.001]},"Name":"Fire particles SP 2","Path":"FireParticles_Sword","IsRoot":false,"Children":{"$type":"System.Collections.Generic.List`1[[OverhaulMod.Content.Personalization.PersonalizationEditorObjectInfo, OverhaulMod]], mscorlib","$values":[]},"PropertyValues":{"$type":"System.Collections.Generic.Dictionary`2[[System.String, mscorlib],[System.Object, mscorlib]], mscorlib","enableIfWeaponVariant":2,"color":"2468FFFF","enableSmoke":false,"applyFavoriteColor":false,"favoriteColorHueOffset":0.1},"UniqueIndex":7,"NextUniqueIndex":0},{"$type":"OverhaulMod.Content.Personalization.PersonalizationEditorObjectInfo, OverhaulMod","PositionArray":{"$type":"System.Single[], mscorlib","$values":[0.0,0.05,0.215]},"EulerAnglesArray":{"$type":"System.Single[], mscorlib","$values":[270.0,0.0,0.0]},"ScaleArray":{"$type":"System.Single[], mscorlib","$values":[0.01,0.01,0.001]},"Name":"Fire particles SP 3","Path":"FireParticles_Sword","IsRoot":false,"Children":{"$type":"System.Collections.Generic.List`1[[OverhaulMod.Content.Personalization.PersonalizationEditorObjectInfo, OverhaulMod]], mscorlib","$values":[]},"PropertyValues":{"$type":"System.Collections.Generic.Dictionary`2[[System.String, mscorlib],[System.Object, mscorlib]], mscorlib","enableIfWeaponVariant":2,"color":"2468FFFF"},"UniqueIndex":8,"NextUniqueIndex":0}]},"PropertyValues":{"$type":"System.Collections.Generic.Dictionary`2[[System.String, mscorlib],[System.Object, mscorlib]], mscorlib"},"UniqueIndex":0,"NextUniqueIndex":8},"Offsets":{"$type":"OverhaulMod.Content.Personalization.PersonalizationItemOffsetList, OverhaulMod"}}